{"place":[{"guid":"81988260-1333-4c8c-b098-919f386ea2a7", "type":"place", "lastModified":1352371072905, "name":"Fernseturm Stuttgart", "imageUrl":"/dime-communications/static/ui/dime/img_demo/Fernsehturm.jpg", "userId":"@me", "items":[], "position":"", "distance":-1.0, "address":{"formatted":"", "streetAddress":"", "region":"", "postalCode":"", "country":""}, "tags":[], "phone":"", "url":"", "information":"", "YMRating":-1.0, "socialRecRating":-1.0, "userRating":-1.0, "favorite":false},{"guid":"0481e9f6-ac91-4eab-980f-b7c6f4a79b28", "type":"place", "lastModified":1352371072126, "name":"Messe Stuttgart", "imageUrl":"/dime-communications/static/ui/dime/img_demo/Messe.jpg", "userId":"@me", "items":[], "position":"", "distance":-1.0, "address":{"formatted":"", "streetAddress":"", "region":"", "postalCode":"", "country":""}, "tags":[], "phone":"", "url":"", "information":"", "YMRating":-1.0, "socialRecRating":-1.0, "userRating":-1.0, "favorite":false},{"guid":"2dcdd435-f77e-41b5-98aa-9546f2f69a45", "type":"place", "lastModified":1352371071418, "name":"Flughafen Stuttgart", "imageUrl":"/dime-communications/static/ui/dime/img_demo/Flugzeug.jpg", "userId":"@me", "items":[], "position":"", "distance":-1.0, "address":{"formatted":"", "streetAddress":"", "region":"", "postalCode":"", "country":""}, "tags":[], "phone":"", "url":"", "information":"", "YMRating":-1.0, "socialRecRating":-1.0, "userRating":-1.0, "favorite":false},{"guid":"29e9b95b-2a18-4d9c-8dbf-7e14365f93f1", "type":"place", "lastModified":1352371073651, "name":"Ristorante Pizzeria Bologna", "imageUrl":"/dime-communications/static/ui/dime/img_demo/Pizzeria Bologna.jpg", "userId":"@me", "items":[], "position":"", "distance":-1.0, "address":{"formatted":"", "streetAddress":"", "region":"", "postalCode":"", "country":""}, "tags":[], "phone":"", "url":"", "information":"", "YMRating":-1.0, "socialRecRating":-1.0, "userRating":-1.0, "favorite":false},{"guid":"c7f0438b-783a-4333-8c1c-e308733681d0", "type":"place", "lastModified":1352371070743, "name":"Kantine Piccante", "imageUrl":"/dime-communications/static/ui/dime/img_demo/Kantine.jpg", "userId":"@me", "items":[], "position":"", "distance":-1.0, "address":{"formatted":"", "streetAddress":"", "region":"", "postalCode":"", "country":""}, "tags":[], "phone":"", "url":"", "information":"", "YMRating":-1.0, "socialRecRating":-1.0, "userRating":-1.0, "favorite":false}]}