{"situation":[{"guid":"bfe4110b-24ff-4422-8511-254307e44bcb", "type":"situation", "lastModified":1352371066253, "name":"@work", "imageUrl":"", "userId":"@me", "items":[], "nao:creator":"", "active":false, "confidence":-1.0, "placeReference":"", "eventReference":"", "nao:includes":[], "nao:excludes":[]},{"guid":"8df392b4-04d8-4ba6-908d-f03fe983e00f", "type":"situation", "lastModified":1352371068694, "name":"@home", "imageUrl":"", "userId":"@me", "items":[], "nao:creator":"", "active":false, "confidence":-1.0, "placeReference":"", "eventReference":"", "nao:includes":[], "nao:excludes":[]},{"guid":"8e33de8a-f92a-477c-9e78-b939ff139192", "type":"situation", "lastModified":1352371070058, "name":"Meeting", "imageUrl":"", "userId":"@me", "items":[], "nao:creator":"", "active":false, "confidence":-1.0, "placeReference":"", "eventReference":"", "nao:includes":[], "nao:excludes":[]},{"guid":"ca13b542-714f-4689-ba2e-7c8a2ac026da", "type":"situation", "lastModified":1352371069369, "name":"Holiday", "imageUrl":"", "userId":"@me", "items":[], "nao:creator":"", "active":false, "confidence":-1.0, "placeReference":"", "eventReference":"", "nao:includes":[], "nao:excludes":[]},{"guid":"71f7764a-2efe-455b-b25a-8d1f35064915", "type":"situation", "lastModified":1352371068007, "name":"Congress", "imageUrl":"", "userId":"@me", "items":[], "nao:creator":"", "active":false, "confidence":-1.0, "placeReference":"", "eventReference":"", "nao:includes":[], "nao:excludes":[]}]}