{"databox":[{"guid":"0127e7f6-d90b-415e-b2c2-49b24634fc54", "type":"databox", "lastModified":1352371045847, "name":"ideas", "imageUrl":"/dime-communications/static/ui/dime/img_demo/06_Databox.png", "userId":"@me", "items":[], "nao:privacyLevel":0.9, "nao:includes":[], "nao:excludes":[]},{"guid":"e49c24ee-7567-4e6d-9454-68c03447457f", "type":"databox", "lastModified":1352371045847, "name":"ideas", "imageUrl":"/dime-communications/static/ui/dime/img_demo/06_Databox.png", "userId":"@me", "items":["80cb61b1-5fea-40a1-b17e-6f40c2e3520e","d0318892-fcb0-4150-a24b-4650af76ff59"], "nao:privacyLevel":0.9, "nao:includes":[], "nao:excludes":[]},{"guid":"bbc706ac-4428-4a12-872b-34467ffc762b", "type":"databox", "lastModified":1352371046961, "name":"Foto \u2013 team excursion", "imageUrl":"/dime-communications/static/ui/dime/img_demo/06_Databox.png", "userId":"@me", "items":["31b57521-b784-47d6-8349-53fe1f1e6891","e430818e-81ab-4871-a869-d6576c426287","22b40731-bc44-4df6-9187-30a7b85a7f31"], "nao:privacyLevel":0.9, "nao:includes":[], "nao:excludes":[]},{"guid":"a5ccf9c6-e9dc-49b3-928f-9841239989ad", "type":"databox", "lastModified":1352371046961, "name":"Foto \u2013 team excursion", "imageUrl":"/dime-communications/static/ui/dime/img_demo/06_Databox.png", "userId":"@me", "items":[], "nao:privacyLevel":0.9, "nao:includes":[], "nao:excludes":[]},{"guid":"89931b0e-6e3e-4b06-953e-b969cb5e0015", "type":"databox", "lastModified":1352371044575, "name":"project coordination", "imageUrl":"/dime-communications/static/ui/dime/img_demo/06_Databox.png", "userId":"@me", "items":["80cb61b1-5fea-40a1-b17e-6f40c2e3520e","d0318892-fcb0-4150-a24b-4650af76ff59"], "nao:privacyLevel":0.9, "nao:includes":[], "nao:excludes":[]},{"guid":"18e7c14f-a4d7-44a7-ba3a-fc09f1215092", "type":"databox", "lastModified":1352371044575, "name":"project coordination", "imageUrl":"/dime-communications/static/ui/dime/img_demo/06_Databox.png", "userId":"@me", "items":[], "nao:privacyLevel":0.9, "nao:includes":[], "nao:excludes":[]}]}