{"livepost":[{"guid":"995718e8-acb5-4fb1-af24-f4e0aeecdcf7", "type":"livepost", "lastModified":1352371051683, "name":"Hallo Klau ..", "imageUrl":"", "userId":"@me", "items":[], "text":"Hallo Klaus, bitte ruf mich mal zurück, wenn Du Zeit hast -es gibt News! Schöne Grüße, Matthias", "dlpo:timestamp":1352371051683, "nao:creator":"", "nao:includes":[], "nao:excludes":[]},{"guid":"9160f1ab-3233-4c2d-b583-5b361385c4c7", "type":"livepost", "lastModified":1352371049655, "name":"Hello Ms.  ..", "imageUrl":"", "userId":"@me", "items":[], "text":"Hello Ms. Amman, here is my mobile number +49 (0) 15 77/44 88 86 54 Feel free to call me at any time! Best regards, Matthias Hamm", "dlpo:timestamp":1352371049655, "nao:creator":"", "nao:includes":[], "nao:excludes":[]}]}