{"group":[{"guid":"cf646fb1-7ce5-4245-ba94-e0715346f18e", "type":"group", "lastModified":1352371036298, "name":"family", "imageUrl":"/dime-communications/static/ui/dime/img_demo/07_Group.png", "userId":"@me", "items":["644a892b-bc0f-4f97-9bec-ce4d89ecf4fd","c876b497-d789-4332-bd2d-5f7e0bf16cd6","9e7f37a0-7a43-464e-8147-79caa2af1803"], "nao:trustLevel":0.0, "nao:creator":"user-generated"},{"guid":"8b431561-13d1-460b-84e1-1b19ed1f3287", "type":"group", "lastModified":1352371017787, "name":"Xing", "imageUrl":"/dime-communications/static/ui/dime/img_demo/24_Xing.png", "userId":"@me", "items":["11156d0c-5f56-4b70-9893-21064cd0443b","c905ed83-cf37-47ec-91d7-daf1036b84ba","886d52a8-62b1-4831-b7a1-8989e7b68b84","dd6db0e0-5320-498f-8483-b08fd0ab0e83","7c0e7039-6329-43e3-9d33-8d09a69e4b8a","cc0c965b-8aed-4085-9015-fbc3208649d2"], "nao:trustLevel":0.0, "nao:creator":"user-generated"},{"guid":"b573b137-c381-4d5e-8cce-29e9c7bbc62e", "type":"group", "lastModified":1352370990926, "name":"Colleagues", "imageUrl":"/dime-communications/static/ui/dime/img_demo/07_Group.png", "userId":"@me", "items":[], "nao:trustLevel":0.0, "nao:creator":"user-generated"},{"guid":"3eca4d6c-1c16-4ac2-ac75-2cc9806194f7", "type":"group", "lastModified":1352371036298, "name":"family", "imageUrl":"/dime-communications/static/ui/dime/img_demo/07_Group.png", "userId":"@me", "items":[], "nao:trustLevel":0.0, "nao:creator":"user-generated"},{"guid":"1174144e-d69a-4ef5-8201-df6b4ba9549f", "type":"group", "lastModified":1352371032231, "name":"Twitter", "imageUrl":"/dime-communications/static/ui/dime/img_demo/23_twitter.png", "userId":"@me", "items":[], "nao:trustLevel":0.0, "nao:creator":"user-generated"},{"guid":"c269a062-e3ea-42a8-a066-f590edd2bb36", "type":"group", "lastModified":1352371029663, "name":"old school buddies", "imageUrl":"/dime-communications/static/ui/dime/img_demo/19_Facebook.png", "userId":"@me", "items":[], "nao:trustLevel":0.0, "nao:creator":"user-generated"},{"guid":"0c941c49-615d-4e68-9e7b-ac06fdc930bc", "type":"group", "lastModified":1352371038238, "name":"CeBIT2011", "imageUrl":"/dime-communications/static/ui/dime/img_demo/14_Pin.png", "userId":"@me", "items":[], "nao:trustLevel":0.0, "nao:creator":"user-generated"},{"guid":"cf6a8fdb-8fe3-4944-8fde-20afb59167bd", "type":"group", "lastModified":1352370995172, "name":"Friends", "imageUrl":"/dime-communications/static/ui/dime/img_demo/07_Group.png", "userId":"@me", "items":["e8c07cb9-0664-4b67-8aa5-140c56e838e0","51f60118-93d8-4ef4-b8b7-bbee92d31844","964b6fc6-336f-479a-bef1-467e293478b0","6c103d44-c5bc-465e-a35b-485572ff7b64","de8017aa-26b7-4788-8990-43408b89ab4b","9161c5be-a0a8-4d2d-b973-cfbd3030cdb2","c2b7bb2a-d3f4-4944-88bd-570efef3cdad"], "nao:trustLevel":0.0, "nao:creator":"user-generated"},{"guid":"3717c64f-74d9-4c50-afda-9a74855b8382", "type":"group", "lastModified":1352371010550, "name":"di.me project members", "imageUrl":"/dime-communications/static/ui/dime/img_demo/07_Group.png", "userId":"@me", "items":["189bc387-4cbc-4d7b-b9ba-490ef980999d","63236d16-3247-4a95-a45e-235a50485a9f","96ce48d9-68b4-489c-a4b1-51030d1a6593","c5d38883-b206-45d6-bb89-501d9e7193eb","9a91548c-3e0c-4174-9d20-de1ebf480646","75981737-433a-4add-b923-ce7be8cbede6"], "nao:trustLevel":0.0, "nao:creator":"user-generated"},{"guid":"35455ac3-3026-45a0-8626-1cea0a557a10", "type":"group", "lastModified":1352370990926, "name":"Colleagues", "imageUrl":"/dime-communications/static/ui/dime/img_demo/07_Group.png", "userId":"@me", "items":["11156d0c-5f56-4b70-9893-21064cd0443b","a3bbaac3-306d-4519-9823-90ce746f0413","76b7e48c-1376-4274-b067-c7d69eeaeb50","dd6db0e0-5320-498f-8483-b08fd0ab0e83"], "nao:trustLevel":0.0, "nao:creator":"user-generated"},{"guid":"c827be08-6ab5-4977-b461-6c1b4eeabff5", "type":"group", "lastModified":1352371000235, "name":"Facebook", "imageUrl":"/dime-communications/static/ui/dime/img_demo/19_Facebook.png", "userId":"@me", "items":[], "nao:trustLevel":0.0, "nao:creator":"user-generated"},{"guid":"6f0ae804-e9c4-4f70-a268-86d1388ea0a7", "type":"group", "lastModified":1352371025803, "name":"Conrad projekt", "imageUrl":"/dime-communications/static/ui/dime/img_demo/14_Pin.png", "userId":"@me", "items":["9161c5be-a0a8-4d2d-b973-cfbd3030cdb2","715f0a39-b22b-4a7c-8e09-9082c683d422","13d11990-a039-4c41-93c1-b141b263115f","ae8f3281-1323-493b-bc53-ec8b30a359f1","311a06f4-44f0-4d0f-986e-4ba768919e11"], "nao:trustLevel":0.0, "nao:creator":"user-generated"},{"guid":"6e65c5b1-94cb-4041-9fe7-1d24b036b0b1", "type":"group", "lastModified":1352371029663, "name":"old school buddies", "imageUrl":"/dime-communications/static/ui/dime/img_demo/19_Facebook.png", "userId":"@me", "items":["7a192399-0602-4134-9300-8070462c4594","ea793720-fe3e-4fe0-9385-1f4444b21155","08dbec34-a02f-46ce-800d-b23ee6426b1f","94a89de2-c83d-40b9-a87c-ec30add1b33f","0d4a6578-9023-45e4-9070-f15db2283e60"], "nao:trustLevel":0.0, "nao:creator":"user-generated"},{"guid":"66920038-a54d-4f75-9e0e-5581b426b69e", "type":"group", "lastModified":1352371017787, "name":"Xing", "imageUrl":"/dime-communications/static/ui/dime/img_demo/24_Xing.png", "userId":"@me", "items":[], "nao:trustLevel":0.0, "nao:creator":"user-generated"},{"guid":"4f962035-787e-4024-a423-b99c68516671", "type":"group", "lastModified":1352371032231, "name":"Twitter", "imageUrl":"/dime-communications/static/ui/dime/img_demo/23_twitter.png", "userId":"@me", "items":["51f60118-93d8-4ef4-b8b7-bbee92d31844","964b6fc6-336f-479a-bef1-467e293478b0","6c103d44-c5bc-465e-a35b-485572ff7b64","9e7f37a0-7a43-464e-8147-79caa2af1803"], "nao:trustLevel":0.0, "nao:creator":"user-generated"},{"guid":"de92734f-f785-4d79-ae40-3f19e93b0dcc", "type":"group", "lastModified":1352370995172, "name":"Friends", "imageUrl":"/dime-communications/static/ui/dime/img_demo/07_Group.png", "userId":"@me", "items":[], "nao:trustLevel":0.0, "nao:creator":"user-generated"},{"guid":"dfdbec08-8b46-4fcf-a310-644b66b495fe", "type":"group", "lastModified":1352371034296, "name":"University", "imageUrl":"/dime-communications/static/ui/dime/img_demo/07_Group.png", "userId":"@me", "items":[], "nao:trustLevel":0.0, "nao:creator":"user-generated"},{"guid":"4a16ee04-efb5-47d8-9af3-e7e5af72f1c5", "type":"group", "lastModified":1352371025803, "name":"Conrad projekt", "imageUrl":"/dime-communications/static/ui/dime/img_demo/14_Pin.png", "userId":"@me", "items":[], "nao:trustLevel":0.0, "nao:creator":"user-generated"},{"guid":"2ada87a2-f65f-4cc9-b1f8-165506e043b3", "type":"group", "lastModified":1352371038238, "name":"CeBIT2011", "imageUrl":"/dime-communications/static/ui/dime/img_demo/14_Pin.png", "userId":"@me", "items":["0551888c-45b7-462d-badb-58ae3acbccff","60e28999-75d6-4f48-9511-f2f6d8784369","ab45040f-9108-401f-9c63-8638095a3b2b","88035d27-6e24-4741-890c-20326c7fa25b"], "nao:trustLevel":0.0, "nao:creator":"user-generated"},{"guid":"a595a6a2-215a-4fc5-8865-0e60d79ee33c", "type":"group", "lastModified":1352371010550, "name":"di.me project members", "imageUrl":"/dime-communications/static/ui/dime/img_demo/07_Group.png", "userId":"@me", "items":[], "nao:trustLevel":0.0, "nao:creator":"user-generated"},{"guid":"c7939af4-73b6-48b6-b81c-b8c3a2b71862", "type":"group", "lastModified":1352371000235, "name":"Facebook", "imageUrl":"/dime-communications/static/ui/dime/img_demo/19_Facebook.png", "userId":"@me", "items":["e8c07cb9-0664-4b67-8aa5-140c56e838e0","51f60118-93d8-4ef4-b8b7-bbee92d31844","964b6fc6-336f-479a-bef1-467e293478b0","6c103d44-c5bc-465e-a35b-485572ff7b64","de8017aa-26b7-4788-8990-43408b89ab4b","9161c5be-a0a8-4d2d-b973-cfbd3030cdb2","c2b7bb2a-d3f4-4944-88bd-570efef3cdad","9e7f37a0-7a43-464e-8147-79caa2af1803"], "nao:trustLevel":0.0, "nao:creator":"user-generated"},{"guid":"2bef1463-ec02-47af-8686-cc5727311c99", "type":"group", "lastModified":1352371034296, "name":"University", "imageUrl":"/dime-communications/static/ui/dime/img_demo/07_Group.png", "userId":"@me", "items":["5f1e0a76-72ba-4774-9c91-ab739c177498","edc52606-bb59-48bf-84cd-6ac6ce4229ae","052e2e0a-06b6-4791-83dc-c510ae67d20b","b4ad0bf5-8111-4b03-a4b7-cb9bbae0633a","384f0f36-2b65-49e9-9a4c-093a2631474b"], "nao:trustLevel":0.0, "nao:creator":"user-generated"}]}