{"resource":[{"guid":"e430818e-81ab-4871-a869-d6576c426287", "type":"resource", "lastModified":1352371043282, "name":"Dinner-Hotel-Ochsen.jpg", "imageUrl":"/dime-communications/static/ui/dime/img_demo/HotelOchsen.jpg", "userId":"@me", "items":[], "nao:privacyLevel":0.9, "downloadUrl":"", "nie:mimeType":"", "originId":"", "originalPath":"", "nfo:fileSize":-1, "nfo:lineCount":-1, "nfo:wordCount":-1, "nfo:pageNumber":-1, "nfo:fileOwner":"", "nao:includes":[], "nao:excludes":[]},{"guid":"22b40731-bc44-4df6-9187-30a7b85a7f31", "type":"resource", "lastModified":1352371043933, "name":"receptionists.jpg", "imageUrl":"/dime-communications/static/ui/dime/img_demo/Empfangsdamen.jpg", "userId":"@me", "items":[], "nao:privacyLevel":0.9, "downloadUrl":"", "nie:mimeType":"", "originId":"", "originalPath":"", "nfo:fileSize":-1, "nfo:lineCount":-1, "nfo:wordCount":-1, "nfo:pageNumber":-1, "nfo:fileOwner":"", "nao:includes":[], "nao:excludes":[]},{"guid":"d0318892-fcb0-4150-a24b-4650af76ff59", "type":"resource", "lastModified":1352371041375, "name":"requirements analysis_project04456.doc", "imageUrl":"/dime-communications/static/ui/dime/img_demo/01_Doc.png", "userId":"@me", "items":[], "nao:privacyLevel":0.9, "downloadUrl":"", "nie:mimeType":"", "originId":"", "originalPath":"", "nfo:fileSize":-1, "nfo:lineCount":-1, "nfo:wordCount":-1, "nfo:pageNumber":-1, "nfo:fileOwner":"", "nao:includes":[], "nao:excludes":[]},{"guid":"31b57521-b784-47d6-8349-53fe1f1e6891", "type":"resource", "lastModified":1352371042642, "name":"ClimbingPark.jpg", "imageUrl":"/dime-communications/static/ui/dime/img_demo/Hochseilgarten.jpg", "userId":"@me", "items":[], "nao:privacyLevel":0.9, "downloadUrl":"", "nie:mimeType":"", "originId":"", "originalPath":"", "nfo:fileSize":-1, "nfo:lineCount":-1, "nfo:wordCount":-1, "nfo:pageNumber":-1, "nfo:fileOwner":"", "nao:includes":[], "nao:excludes":[]},{"guid":"80cb61b1-5fea-40a1-b17e-6f40c2e3520e", "type":"resource", "lastModified":1352371039972, "name":"project_order.pdf", "imageUrl":"/dime-communications/static/ui/dime/img_demo/03_PDF.png", "userId":"@me", "items":[], "nao:privacyLevel":0.9, "downloadUrl":"", "nie:mimeType":"", "originId":"", "originalPath":"", "nfo:fileSize":-1, "nfo:lineCount":-1, "nfo:wordCount":-1, "nfo:pageNumber":-1, "nfo:fileOwner":"", "nao:includes":[], "nao:excludes":[]},{"guid":"19f79df2-4289-4ba0-9b10-bb89f4487868", "type":"resource", "lastModified":1352371042006, "name":"Screenshot_UI_Prototyp.png", "imageUrl":"/dime-communications/static/ui/dime/img_demo/04_IMG.png", "userId":"@me", "items":[], "nao:privacyLevel":0.9, "downloadUrl":"", "nie:mimeType":"", "originId":"", "originalPath":"", "nfo:fileSize":-1, "nfo:lineCount":-1, "nfo:wordCount":-1, "nfo:pageNumber":-1, "nfo:fileOwner":"", "nao:includes":[], "nao:excludes":[]}]}