{"profile":[{"guid":"7c6ff560-949d-4e29-8a54-b6fd78c6ecb4", "type":"profile", "lastModified":1352370873292, "name":"My Public Profile", "imageUrl":"", "userId":"@me", "items":["ab703b73-925d-4347-832e-612a70309c70"], "said":"e2c01fad-f775-4c42-8b07-91abcef70380", "editable":true, "nao:includes":[], "nao:excludes":[]},{"guid":"af5e42dc-e6ab-4395-bece-9f7aa69e5182", "type":"profile", "lastModified":1352371062024, "name":"Twitter", "imageUrl":"/dime-communications/static/ui/dime/img_demo/", "userId":"@me", "items":[], "said":"", "editable":true, "nao:includes":[], "nao:excludes":[]},{"guid":"76a61b59-99f6-4e50-b4bc-eea53891a6d5", "type":"profile", "lastModified":1352371062024, "name":"Twitter", "imageUrl":"/dime-communications/static/ui/dime/img_demo/", "userId":"@me", "items":["ed15e511-7c10-490e-be0a-6d898e65c8ea","69d83b19-e841-4520-8899-e22337f33090"], "said":"", "editable":true, "nao:includes":[], "nao:excludes":[]},{"guid":"38fc8dea-73e1-4ee5-aae2-87ec1f9a61bb", "type":"profile", "lastModified":1352371064523, "name":"family", "imageUrl":"/dime-communications/static/ui/dime/img_demo/", "userId":"@me", "items":["ed15e511-7c10-490e-be0a-6d898e65c8ea","69d83b19-e841-4520-8899-e22337f33090","d35bacae-0b42-4e7a-9d37-440d85a03635","f3120a3a-5d9e-44b9-95a2-700335151f83"], "said":"", "editable":true, "nao:includes":[], "nao:excludes":[]},{"guid":"1aa4b69f-9cfd-4150-ae9b-103c78faec98", "type":"profile", "lastModified":1352371060048, "name":"Facebook", "imageUrl":"/dime-communications/static/ui/dime/img_demo/", "userId":"@me", "items":[], "said":"", "editable":true, "nao:includes":[], "nao:excludes":[]},{"guid":"be83b55f-8ae0-4d0e-93d9-27bb28c18074", "type":"profile", "lastModified":1352371058175, "name":"xing", "imageUrl":"/dime-communications/static/ui/dime/img_demo/", "userId":"@me", "items":["ed15e511-7c10-490e-be0a-6d898e65c8ea","46acfb99-e734-4212-9669-d23e00a05e76","69d83b19-e841-4520-8899-e22337f33090","0920343f-2808-46f5-b8a3-b818b87941d8"], "said":"", "editable":true, "nao:includes":[], "nao:excludes":[]},{"guid":"60349ce8-38ef-4e6f-9ea1-e772df6c4c4a", "type":"profile", "lastModified":1352371064523, "name":"family", "imageUrl":"/dime-communications/static/ui/dime/img_demo/", "userId":"@me", "items":[], "said":"", "editable":true, "nao:includes":[], "nao:excludes":[]},{"guid":"7b64c6e5-135c-4feb-9944-efae43ef1177", "type":"profile", "lastModified":1352371058175, "name":"xing", "imageUrl":"/dime-communications/static/ui/dime/img_demo/", "userId":"@me", "items":[], "said":"", "editable":true, "nao:includes":[], "nao:excludes":[]},{"guid":"4f5f52f2-25f8-48c1-b25f-217e81de5c80", "type":"profile", "lastModified":1352371060048, "name":"Facebook", "imageUrl":"/dime-communications/static/ui/dime/img_demo/", "userId":"@me", "items":["ed15e511-7c10-490e-be0a-6d898e65c8ea","69d83b19-e841-4520-8899-e22337f33090","d35bacae-0b42-4e7a-9d37-440d85a03635","def2a803-9f2b-4e96-9315-5318cc94fdc6","1713584f-79f8-4934-8818-6c5d9d02169b","f3120a3a-5d9e-44b9-95a2-700335151f83"], "said":"", "editable":true, "nao:includes":[], "nao:excludes":[]}]}