{"person":[{"guid":"052e2e0a-06b6-4791-83dc-c510ae67d20b", "type":"person", "lastModified":1352370903813, "name":"Dorner Pabel", "imageUrl":"/dime-communications/static/ui/dime/img_demo/Personen24m.jpg", "userId":"@me", "items":[], "nao:trustLevel":0.0},{"guid":"c2b7bb2a-d3f4-4944-88bd-570efef3cdad", "type":"person", "lastModified":1352370946235, "name":"Morgenstern Susanne", "imageUrl":"/dime-communications/static/ui/dime/img_demo/Personen22w.jpg", "userId":"@me", "items":[], "nao:trustLevel":0.0},{"guid":"189bc387-4cbc-4d7b-b9ba-490ef980999d", "type":"person", "lastModified":1352370885371, "name":"Ackermann Petra", "imageUrl":"/dime-communications/static/ui/dime/img_demo/Personen01w.jpeg", "userId":"@me", "items":[], "nao:trustLevel":0.0},{"guid":"60e28999-75d6-4f48-9511-f2f6d8784369", "type":"person", "lastModified":1352370928321, "name":"Hampel Simon", "imageUrl":"/dime-communications/static/ui/dime/img_demo/Personen32m.jpg", "userId":"@me", "items":[], "nao:trustLevel":0.0},{"guid":"de8017aa-26b7-4788-8990-43408b89ab4b", "type":"person", "lastModified":1352370902154, "name":"Dahlmann Irene", "imageUrl":"/dime-communications/static/ui/dime/img_demo/Personen12w.jpeg", "userId":"@me", "items":[], "nao:trustLevel":0.0},{"guid":"e8c07cb9-0664-4b67-8aa5-140c56e838e0", "type":"person", "lastModified":1352370878682, "name":"Adelberg Klaus", "imageUrl":"/dime-communications/static/ui/dime/img_demo/Personen02.jpeg", "userId":"@me", "items":[], "nao:trustLevel":0.0},{"guid":"0d4a6578-9023-45e4-9070-f15db2283e60", "type":"person", "lastModified":1352370977446, "name":"Ziegler Birgit", "imageUrl":"/dime-communications/static/ui/dime/img_demo/Personen15w.jpeg", "userId":"@me", "items":[], "nao:trustLevel":0.0},{"guid":"edc52606-bb59-48bf-84cd-6ac6ce4229ae", "type":"person", "lastModified":1352370891991, "name":"Busse Constantin", "imageUrl":"/dime-communications/static/ui/dime/img_demo/Personen27.jpg", "userId":"@me", "items":[], "nao:trustLevel":0.0},{"guid":"11156d0c-5f56-4b70-9893-21064cd0443b", "type":"person", "lastModified":1352370880373, "name":"Aberle Hans", "imageUrl":"/dime-communications/static/ui/dime/img_demo/Personen03.jpeg", "userId":"@me", "items":[], "nao:trustLevel":0.0},{"guid":"88035d27-6e24-4741-890c-20326c7fa25b", "type":"person", "lastModified":1352370985997, "name":"Zeller Thomas", "imageUrl":"/dime-communications/static/ui/dime/img_demo/Personen17m.jpeg", "userId":"@me", "items":[], "nao:trustLevel":0.0},{"guid":"13d11990-a039-4c41-93c1-b141b263115f", "type":"person", "lastModified":1352370965610, "name":"Tessmann Jeannine", "imageUrl":"/dime-communications/static/ui/dime/img_demo/Personen30w.jpg", "userId":"@me", "items":[], "nao:trustLevel":0.0},{"guid":"75981737-433a-4add-b923-ce7be8cbede6", "type":"person", "lastModified":1352370957117, "name":"Tanner Alfred", "imageUrl":"/dime-communications/static/ui/dime/img_demo/Personen36.jpg", "userId":"@me", "items":[], "nao:trustLevel":0.0},{"guid":"311a06f4-44f0-4d0f-986e-4ba768919e11", "type":"person", "lastModified":1352370973324, "name":"Zimmer Florian", "imageUrl":"/dime-communications/static/ui/dime/img_demo/Personen37.jpg", "userId":"@me", "items":[], "nao:trustLevel":0.0},{"guid":"9161c5be-a0a8-4d2d-b973-cfbd3030cdb2", "type":"person", "lastModified":1352370912799, "name":"Gensch Carla", "imageUrl":"/dime-communications/static/ui/dime/img_demo/Personen21w.jpeg", "userId":"@me", "items":[], "nao:trustLevel":0.0},{"guid":"48a7ebc7-875e-4771-9f9a-011a29171661", "type":"person", "lastModified":1352370873873, "name":"Miller Max", "imageUrl":"", "userId":"@me", "items":[], "nao:trustLevel":0.0},{"guid":"ab45040f-9108-401f-9c63-8638095a3b2b", "type":"person", "lastModified":1352370942474, "name":"Hoff Eckhard", "imageUrl":"/dime-communications/static/ui/dime/img_demo/Personen39.jpg", "userId":"@me", "items":[], "nao:trustLevel":0.0},{"guid":"08dbec34-a02f-46ce-800d-b23ee6426b1f", "type":"person", "lastModified":1352370897035, "name":"Chilla Marc", "imageUrl":"/dime-communications/static/ui/dime/img_demo/Personen07.jpeg", "userId":"@me", "items":[], "nao:trustLevel":0.0},{"guid":"dd6db0e0-5320-498f-8483-b08fd0ab0e83", "type":"person", "lastModified":1352370949888, "name":"Messner Till", "imageUrl":"/dime-communications/static/ui/dime/img_demo/Personen42.jpg", "userId":"@me", "items":[], "nao:trustLevel":0.0},{"guid":"a3bbaac3-306d-4519-9823-90ce746f0413", "type":"person", "lastModified":1352370881994, "name":"Aldinger Inge", "imageUrl":"/dime-communications/static/ui/dime/img_demo/Personen04.jpeg", "userId":"@me", "items":[], "nao:trustLevel":0.0},{"guid":"886d52a8-62b1-4831-b7a1-8989e7b68b84", "type":"person", "lastModified":1352370910968, "name":"Gröpke Peter", "imageUrl":"/dime-communications/static/ui/dime/img_demo/Personen11m.jpeg", "userId":"@me", "items":[], "nao:trustLevel":0.0},{"guid":"0551888c-45b7-462d-badb-58ae3acbccff", "type":"person", "lastModified":1352370925300, "name":"Heyer Martin", "imageUrl":"/dime-communications/static/ui/dime/img_demo/Personen34.jpg", "userId":"@me", "items":[], "nao:trustLevel":0.0},{"guid":"63236d16-3247-4a95-a45e-235a50485a9f", "type":"person", "lastModified":1352370905476, "name":"Frick Tim", "imageUrl":"/dime-communications/static/ui/dime/img_demo/Personen35.jpg", "userId":"@me", "items":[], "nao:trustLevel":0.0},{"guid":"ae8f3281-1323-493b-bc53-ec8b30a359f1", "type":"person", "lastModified":1352370969322, "name":"Zimmermann Carsten", "imageUrl":"/dime-communications/static/ui/dime/img_demo/Personen29.jpg", "userId":"@me", "items":[], "nao:trustLevel":0.0},{"guid":"c5d38883-b206-45d6-bb89-501d9e7193eb", "type":"person", "lastModified":1352370909014, "name":"Flemming Tatjana", "imageUrl":"/dime-communications/static/ui/dime/img_demo/Personen26w.jpg", "userId":"@me", "items":[], "nao:trustLevel":0.0},{"guid":"b4ad0bf5-8111-4b03-a4b7-cb9bbae0633a", "type":"person", "lastModified":1352370919415, "name":"Gruening Günter", "imageUrl":"/dime-communications/static/ui/dime/img_demo/Personen40.jpg", "userId":"@me", "items":[], "nao:trustLevel":0.0},{"guid":"ea793720-fe3e-4fe0-9385-1f4444b21155", "type":"person", "lastModified":1352370895396, "name":"Bernhardt Tanja", "imageUrl":"/dime-communications/static/ui/dime/img_demo/Personen06.jpeg", "userId":"@me", "items":[], "nao:trustLevel":0.0},{"guid":"cc0c965b-8aed-4085-9015-fbc3208649d2", "type":"person", "lastModified":1352370887028, "name":"Baumann Markus", "imageUrl":"/dime-communications/static/ui/dime/img_demo/Personen09m.jpeg", "userId":"@me", "items":[], "nao:trustLevel":0.0},{"guid":"94a89de2-c83d-40b9-a87c-ec30add1b33f", "type":"person", "lastModified":1352370961152, "name":"Thielen Fridolin", "imageUrl":"/dime-communications/static/ui/dime/img_demo/Personen28.jpg", "userId":"@me", "items":[], "nao:trustLevel":0.0},{"guid":"37ad850b-69af-435a-b158-fbee14d4338c", "type":"person", "lastModified":1352370876430, "name":"Tailor Thomas", "imageUrl":"", "userId":"@me", "items":[], "nao:trustLevel":0.0},{"guid":"964b6fc6-336f-479a-bef1-467e293478b0", "type":"person", "lastModified":1352370898709, "name":"Cordes Adabi", "imageUrl":"/dime-communications/static/ui/dime/img_demo/Personen13.jpeg", "userId":"@me", "items":[], "nao:trustLevel":0.0},{"guid":"c905ed83-cf37-47ec-91d7-daf1036b84ba", "type":"person", "lastModified":1352370876944, "name":"Amman Carmen", "imageUrl":"/dime-communications/static/ui/dime/img_demo/Personen16w.jpeg", "userId":"@me", "items":[], "nao:trustLevel":0.0},{"guid":"7c0e7039-6329-43e3-9d33-8d09a69e4b8a", "type":"person", "lastModified":1352370922275, "name":"Hock Klaus", "imageUrl":"/dime-communications/static/ui/dime/img_demo/Personen10m.jpeg", "userId":"@me", "items":[], "nao:trustLevel":0.0},{"guid":"715f0a39-b22b-4a7c-8e09-9082c683d422", "type":"person", "lastModified":1352370916284, "name":"Gutjahr Katrin", "imageUrl":"/dime-communications/static/ui/dime/img_demo/Personen20w.jpeg", "userId":"@me", "items":[], "nao:trustLevel":0.0},{"guid":"76b7e48c-1376-4274-b067-c7d69eeaeb50", "type":"person", "lastModified":1352370888652, "name":"Baumgartner Sarah", "imageUrl":"/dime-communications/static/ui/dime/img_demo/Personen08w.jpeg", "userId":"@me", "items":[], "nao:trustLevel":0.0},{"guid":"96ce48d9-68b4-489c-a4b1-51030d1a6593", "type":"person", "lastModified":1352370907265, "name":"Fiebig Barbara", "imageUrl":"/dime-communications/static/ui/dime/img_demo/Personen31w.jpg", "userId":"@me", "items":[], "nao:trustLevel":0.0},{"guid":"644a892b-bc0f-4f97-9bec-ce4d89ecf4fd", "type":"person", "lastModified":1352370932019, "name":"Hamm Birgit", "imageUrl":"/dime-communications/static/ui/dime/img_demo/Personen18w.jpeg", "userId":"@me", "items":[], "nao:trustLevel":0.0},{"guid":"9e7f37a0-7a43-464e-8147-79caa2af1803", "type":"person", "lastModified":1352370938863, "name":"Hamm Tobias", "imageUrl":"/dime-communications/static/ui/dime/img_demo/Personen25m.jpg", "userId":"@me", "items":[], "nao:trustLevel":0.0},{"guid":"5f1e0a76-72ba-4774-9c91-ab739c177498", "type":"person", "lastModified":1352370890269, "name":"Bartels Henning", "imageUrl":"/dime-communications/static/ui/dime/img_demo/Personen19m.jpeg", "userId":"@me", "items":[], "nao:trustLevel":0.0},{"guid":"c876b497-d789-4332-bd2d-5f7e0bf16cd6", "type":"person", "lastModified":1352370935258, "name":"Hamm Karl", "imageUrl":"/dime-communications/static/ui/dime/img_demo/Personen23m.jpg", "userId":"@me", "items":[], "nao:trustLevel":0.0},{"guid":"9a91548c-3e0c-4174-9d20-de1ebf480646", "type":"person", "lastModified":1352370953153, "name":"Manz Adrian", "imageUrl":"/dime-communications/static/ui/dime/img_demo/Personen41.jpg", "userId":"@me", "items":[], "nao:trustLevel":0.0},{"guid":"6c103d44-c5bc-465e-a35b-485572ff7b64", "type":"person", "lastModified":1352370900441, "name":"Cramer Melanie", "imageUrl":"/dime-communications/static/ui/dime/img_demo/Personen14w.jpeg", "userId":"@me", "items":[], "nao:trustLevel":0.0},{"guid":"7a192399-0602-4134-9300-8070462c4594", "type":"person", "lastModified":1352370893694, "name":"Boerner Bärbel", "imageUrl":"/dime-communications/static/ui/dime/img_demo/Personen05w.jpeg", "userId":"@me", "items":[], "nao:trustLevel":0.0},{"guid":"384f0f36-2b65-49e9-9a4c-093a2631474b", "type":"person", "lastModified":1352370981349, "name":"Zander Helmut", "imageUrl":"/dime-communications/static/ui/dime/img_demo/Personen33m.jpg", "userId":"@me", "items":[], "nao:trustLevel":0.0},{"guid":"51f60118-93d8-4ef4-b8b7-bbee92d31844", "type":"person", "lastModified":1352370883682, "name":"Adelsberger Helmut", "imageUrl":"/dime-communications/static/ui/dime/img_demo/Personen38.jpg", "userId":"@me", "items":[], "nao:trustLevel":0.0}]}