{"group":[{"guid":"cf646fb1-7ce5-4245-ba94-e0715346f18e", "type":"group", "lastModified":1352371036298, "name":"family", "imageUrl":"/dime-communications/static/ui/dime/img_demo/07_Group.png", "userId":"@me", "items":["23a43176-4b5c-49c2-a3e0-b0f755c050df","a29f81b6-ee4d-443d-900d-ccfb2970b47a","232d10c7-6609-41bf-b012-a4917c16248a"], "nao:trustLevel":0.0, "nao:creator":"user-generated"},{"guid":"8b431561-13d1-460b-84e1-1b19ed1f3287", "type":"group", "lastModified":1352371017787, "name":"Xing", "imageUrl":"/dime-communications/static/ui/dime/img_demo/24_Xing.png", "userId":"@me", "items":["5a72d00b-a93f-42c9-ac18-58cf82ad7ce4","875803d6-50ba-4bee-9a08-0c8910e9a7b8","567b6ef0-d164-44aa-a32e-b64e7d78a0dc","ad2ae398-b075-45b0-b4d6-92f34dd5b392","cdbcb3c5-d45f-43ec-96d5-e9c74afcc918","d0aee60d-bf9a-4793-9ceb-384a98fdd95a"], "nao:trustLevel":0.0, "nao:creator":"user-generated"},{"guid":"c162cf24-e732-4bad-987a-93328e463e49", "type":"group", "lastModified":1352371032231, "name":"Twitter", "imageUrl":"/dime-communications/static/ui/dime/img_demo/23_twitter.png", "userId":"@me", "items":[], "nao:trustLevel":0.0, "nao:creator":"user-generated"},{"guid":"0a3a6631-567d-4562-81fc-161da3d2cbae", "type":"group", "lastModified":1352371025803, "name":"Conrad projekt", "imageUrl":"/dime-communications/static/ui/dime/img_demo/14_Pin.png", "userId":"@me", "items":[], "nao:trustLevel":0.0, "nao:creator":"user-generated"},{"guid":"6fa0d595-3bce-468c-add8-f13fa1291d71", "type":"group", "lastModified":1352370995172, "name":"Friends", "imageUrl":"/dime-communications/static/ui/dime/img_demo/07_Group.png", "userId":"@me", "items":[], "nao:trustLevel":0.0, "nao:creator":"user-generated"},{"guid":"29db1555-a9c5-4686-9407-aac7ad15a50b", "type":"group", "lastModified":1352371034296, "name":"University", "imageUrl":"/dime-communications/static/ui/dime/img_demo/07_Group.png", "userId":"@me", "items":[], "nao:trustLevel":0.0, "nao:creator":"user-generated"},{"guid":"cf6a8fdb-8fe3-4944-8fde-20afb59167bd", "type":"group", "lastModified":1352370995172, "name":"Friends", "imageUrl":"/dime-communications/static/ui/dime/img_demo/07_Group.png", "userId":"@me", "items":["538b61f0-4be0-4068-9482-1480b09a9f02","0adfed7e-677a-430f-b914-b845a8683c6c","fe6e0429-5964-4740-8abd-59fafde1231c","2c0e447a-477c-4d2f-a0fe-ffbfdce3c220","5d095fe7-732d-456a-9a77-7d00a08b3a5c","82fb938c-ded1-4637-bdb9-fdd064942899","fd4d2867-a887-49d7-9691-591b457d9180"], "nao:trustLevel":0.0, "nao:creator":"user-generated"},{"guid":"3717c64f-74d9-4c50-afda-9a74855b8382", "type":"group", "lastModified":1352371010550, "name":"di.me project members", "imageUrl":"/dime-communications/static/ui/dime/img_demo/07_Group.png", "userId":"@me", "items":["c69c3786-6a43-46fb-ba8b-60efe0163779","5eabffb6-cf9a-4e19-9863-20d9e3df0538","247cba49-b6a0-45fb-8100-a59b5785aae4","34cb2974-d1a7-4485-bf2a-150960e4b6e9","898cd633-c557-422f-b941-3f59a5e267e6","ab3a4c4d-0c60-4cf9-aa98-5d28014bf447"], "nao:trustLevel":0.0, "nao:creator":"user-generated"},{"guid":"35455ac3-3026-45a0-8626-1cea0a557a10", "type":"group", "lastModified":1352370990926, "name":"Colleagues", "imageUrl":"/dime-communications/static/ui/dime/img_demo/07_Group.png", "userId":"@me", "items":["5a72d00b-a93f-42c9-ac18-58cf82ad7ce4","f3434ceb-6cc0-496a-96e2-ca1fe1c738aa","03209d34-c0b4-4270-9092-58df7a6ef00b","ad2ae398-b075-45b0-b4d6-92f34dd5b392"], "nao:trustLevel":0.0, "nao:creator":"user-generated"},{"guid":"7de4180a-77a3-4935-beeb-585477e0c9ff", "type":"group", "lastModified":1352371017787, "name":"Xing", "imageUrl":"/dime-communications/static/ui/dime/img_demo/24_Xing.png", "userId":"@me", "items":[], "nao:trustLevel":0.0, "nao:creator":"user-generated"},{"guid":"6f0ae804-e9c4-4f70-a268-86d1388ea0a7", "type":"group", "lastModified":1352371025803, "name":"Conrad projekt", "imageUrl":"/dime-communications/static/ui/dime/img_demo/14_Pin.png", "userId":"@me", "items":["82fb938c-ded1-4637-bdb9-fdd064942899","84347c65-9843-49cb-9818-8d965f6f5e92","480637b1-c133-4e2d-bb3f-4df12a66dc68","4c2c9f91-773f-4e6b-8dff-78385e3eafbc","5d865a88-6355-4b3a-8fdd-e9dd8eb72df4"], "nao:trustLevel":0.0, "nao:creator":"user-generated"},{"guid":"6e65c5b1-94cb-4041-9fe7-1d24b036b0b1", "type":"group", "lastModified":1352371029663, "name":"old school buddies", "imageUrl":"/dime-communications/static/ui/dime/img_demo/19_Facebook.png", "userId":"@me", "items":["3ec52f35-5f7d-4443-8a79-30a5bfaae5a4","eaa36fe9-921e-4287-aa6c-aff122e6a93f","840dbf5a-0fce-4342-905d-3cbe9c1d16f0","c230b7cc-669d-45dd-9691-c1b23ca5104a","a9d94f83-670c-464b-bc8e-f87026407d7a"], "nao:trustLevel":0.0, "nao:creator":"user-generated"},{"guid":"dd1288c6-06fc-4487-8593-46ecfdaa99ac", "type":"group", "lastModified":1352370990926, "name":"Colleagues", "imageUrl":"/dime-communications/static/ui/dime/img_demo/07_Group.png", "userId":"@me", "items":[], "nao:trustLevel":0.0, "nao:creator":"user-generated"},{"guid":"4f962035-787e-4024-a423-b99c68516671", "type":"group", "lastModified":1352371032231, "name":"Twitter", "imageUrl":"/dime-communications/static/ui/dime/img_demo/23_twitter.png", "userId":"@me", "items":["0adfed7e-677a-430f-b914-b845a8683c6c","fe6e0429-5964-4740-8abd-59fafde1231c","2c0e447a-477c-4d2f-a0fe-ffbfdce3c220","232d10c7-6609-41bf-b012-a4917c16248a"], "nao:trustLevel":0.0, "nao:creator":"user-generated"},{"guid":"63c4341f-c3d5-4d15-8a97-84f2fa6f18af", "type":"group", "lastModified":1352371029663, "name":"old school buddies", "imageUrl":"/dime-communications/static/ui/dime/img_demo/19_Facebook.png", "userId":"@me", "items":[], "nao:trustLevel":0.0, "nao:creator":"user-generated"},{"guid":"2ada87a2-f65f-4cc9-b1f8-165506e043b3", "type":"group", "lastModified":1352371038238, "name":"CeBIT2011", "imageUrl":"/dime-communications/static/ui/dime/img_demo/14_Pin.png", "userId":"@me", "items":["9bc8db5d-91cc-49fa-8c5f-619216d405ab","c59e8030-2629-4a9c-beb4-125c72b7fb29","9aecca06-1103-4e06-a00f-0dc9b64e67fc","f00fa4cf-4cec-45e4-88f5-19d10a7397ca"], "nao:trustLevel":0.0, "nao:creator":"user-generated"},{"guid":"fdb5cf5b-1cf2-49c0-81af-633e5f4b9f40", "type":"group", "lastModified":1352371038238, "name":"CeBIT2011", "imageUrl":"/dime-communications/static/ui/dime/img_demo/14_Pin.png", "userId":"@me", "items":[], "nao:trustLevel":0.0, "nao:creator":"user-generated"},{"guid":"76a0c292-564b-4ab8-950b-1ef9f669d735", "type":"group", "lastModified":1352371036298, "name":"family", "imageUrl":"/dime-communications/static/ui/dime/img_demo/07_Group.png", "userId":"@me", "items":[], "nao:trustLevel":0.0, "nao:creator":"user-generated"},{"guid":"c7939af4-73b6-48b6-b81c-b8c3a2b71862", "type":"group", "lastModified":1352371000235, "name":"Facebook", "imageUrl":"/dime-communications/static/ui/dime/img_demo/19_Facebook.png", "userId":"@me", "items":["538b61f0-4be0-4068-9482-1480b09a9f02","0adfed7e-677a-430f-b914-b845a8683c6c","fe6e0429-5964-4740-8abd-59fafde1231c","2c0e447a-477c-4d2f-a0fe-ffbfdce3c220","5d095fe7-732d-456a-9a77-7d00a08b3a5c","82fb938c-ded1-4637-bdb9-fdd064942899","fd4d2867-a887-49d7-9691-591b457d9180","232d10c7-6609-41bf-b012-a4917c16248a"], "nao:trustLevel":0.0, "nao:creator":"user-generated"},{"guid":"e467db3e-a27a-49af-87e4-37b0bf86825c", "type":"group", "lastModified":1352371010550, "name":"di.me project members", "imageUrl":"/dime-communications/static/ui/dime/img_demo/07_Group.png", "userId":"@me", "items":[], "nao:trustLevel":0.0, "nao:creator":"user-generated"},{"guid":"42a0fcdd-5c70-494e-9611-38ccbaa4f5f0", "type":"group", "lastModified":1352371000235, "name":"Facebook", "imageUrl":"/dime-communications/static/ui/dime/img_demo/19_Facebook.png", "userId":"@me", "items":[], "nao:trustLevel":0.0, "nao:creator":"user-generated"},{"guid":"2bef1463-ec02-47af-8686-cc5727311c99", "type":"group", "lastModified":1352371034296, "name":"University", "imageUrl":"/dime-communications/static/ui/dime/img_demo/07_Group.png", "userId":"@me", "items":["28adbeca-2257-4c53-a675-fae6ddc336d5","4e3eb879-9355-4a7e-9c5f-114ff7709d28","5385a431-955a-4194-93a3-43ff11130daf","bb0fa3b8-5b1a-4b35-807f-3ebc6fd6e8b7","e41eb312-cbfa-452e-aa21-250d12962f43"], "nao:trustLevel":0.0, "nao:creator":"user-generated"}]}