{"person":[{"guid":"3ec52f35-5f7d-4443-8a79-30a5bfaae5a4", "type":"person", "lastModified":1352370893694, "name":"Boerner Bärbel", "imageUrl":"/dime-communications/static/ui/dime/img_demo/Personen05w.jpeg", "userId":"@me", "items":[], "nao:trustLevel":0.0},{"guid":"eaa36fe9-921e-4287-aa6c-aff122e6a93f", "type":"person", "lastModified":1352370895396, "name":"Bernhardt Tanja", "imageUrl":"/dime-communications/static/ui/dime/img_demo/Personen06.jpeg", "userId":"@me", "items":[], "nao:trustLevel":0.0},{"guid":"bb0fa3b8-5b1a-4b35-807f-3ebc6fd6e8b7", "type":"person", "lastModified":1352370919415, "name":"Gruening Günter", "imageUrl":"/dime-communications/static/ui/dime/img_demo/Personen40.jpg", "userId":"@me", "items":[], "nao:trustLevel":0.0},{"guid":"d0aee60d-bf9a-4793-9ceb-384a98fdd95a", "type":"person", "lastModified":1352370887028, "name":"Baumann Markus", "imageUrl":"/dime-communications/static/ui/dime/img_demo/Personen09m.jpeg", "userId":"@me", "items":[], "nao:trustLevel":0.0},{"guid":"0adfed7e-677a-430f-b914-b845a8683c6c", "type":"person", "lastModified":1352370883682, "name":"Adelsberger Helmut", "imageUrl":"/dime-communications/static/ui/dime/img_demo/Personen38.jpg", "userId":"@me", "items":[], "nao:trustLevel":0.0},{"guid":"567b6ef0-d164-44aa-a32e-b64e7d78a0dc", "type":"person", "lastModified":1352370910968, "name":"Gröpke Peter", "imageUrl":"/dime-communications/static/ui/dime/img_demo/Personen11m.jpeg", "userId":"@me", "items":[], "nao:trustLevel":0.0},{"guid":"4e3eb879-9355-4a7e-9c5f-114ff7709d28", "type":"person", "lastModified":1352370891991, "name":"Busse Constantin", "imageUrl":"/dime-communications/static/ui/dime/img_demo/Personen27.jpg", "userId":"@me", "items":[], "nao:trustLevel":0.0},{"guid":"2c0e447a-477c-4d2f-a0fe-ffbfdce3c220", "type":"person", "lastModified":1352370900441, "name":"Cramer Melanie", "imageUrl":"/dime-communications/static/ui/dime/img_demo/Personen14w.jpeg", "userId":"@me", "items":[], "nao:trustLevel":0.0},{"guid":"ab3a4c4d-0c60-4cf9-aa98-5d28014bf447", "type":"person", "lastModified":1352370957117, "name":"Tanner Alfred", "imageUrl":"/dime-communications/static/ui/dime/img_demo/Personen36.jpg", "userId":"@me", "items":[], "nao:trustLevel":0.0},{"guid":"898cd633-c557-422f-b941-3f59a5e267e6", "type":"person", "lastModified":1352370953153, "name":"Manz Adrian", "imageUrl":"/dime-communications/static/ui/dime/img_demo/Personen41.jpg", "userId":"@me", "items":[], "nao:trustLevel":0.0},{"guid":"28adbeca-2257-4c53-a675-fae6ddc336d5", "type":"person", "lastModified":1352370890269, "name":"Bartels Henning", "imageUrl":"/dime-communications/static/ui/dime/img_demo/Personen19m.jpeg", "userId":"@me", "items":[], "nao:trustLevel":0.0},{"guid":"5d865a88-6355-4b3a-8fdd-e9dd8eb72df4", "type":"person", "lastModified":1352370973324, "name":"Zimmer Florian", "imageUrl":"/dime-communications/static/ui/dime/img_demo/Personen37.jpg", "userId":"@me", "items":[], "nao:trustLevel":0.0},{"guid":"c59e8030-2629-4a9c-beb4-125c72b7fb29", "type":"person", "lastModified":1352370928321, "name":"Hampel Simon", "imageUrl":"/dime-communications/static/ui/dime/img_demo/Personen32m.jpg", "userId":"@me", "items":[], "nao:trustLevel":0.0},{"guid":"5a72d00b-a93f-42c9-ac18-58cf82ad7ce4", "type":"person", "lastModified":1352370880373, "name":"Aberle Hans", "imageUrl":"/dime-communications/static/ui/dime/img_demo/Personen03.jpeg", "userId":"@me", "items":[], "nao:trustLevel":0.0},{"guid":"538b61f0-4be0-4068-9482-1480b09a9f02", "type":"person", "lastModified":1352370878682, "name":"Adelberg Klaus", "imageUrl":"/dime-communications/static/ui/dime/img_demo/Personen02.jpeg", "userId":"@me", "items":[], "nao:trustLevel":0.0},{"guid":"82fb938c-ded1-4637-bdb9-fdd064942899", "type":"person", "lastModified":1352370912799, "name":"Gensch Carla", "imageUrl":"/dime-communications/static/ui/dime/img_demo/Personen21w.jpeg", "userId":"@me", "items":[], "nao:trustLevel":0.0},{"guid":"9bc8db5d-91cc-49fa-8c5f-619216d405ab", "type":"person", "lastModified":1352370925300, "name":"Heyer Martin", "imageUrl":"/dime-communications/static/ui/dime/img_demo/Personen34.jpg", "userId":"@me", "items":[], "nao:trustLevel":0.0},{"guid":"f3434ceb-6cc0-496a-96e2-ca1fe1c738aa", "type":"person", "lastModified":1352370881994, "name":"Aldinger Inge", "imageUrl":"/dime-communications/static/ui/dime/img_demo/Personen04.jpeg", "userId":"@me", "items":[], "nao:trustLevel":0.0},{"guid":"9aecca06-1103-4e06-a00f-0dc9b64e67fc", "type":"person", "lastModified":1352370942474, "name":"Hoff Eckhard", "imageUrl":"/dime-communications/static/ui/dime/img_demo/Personen39.jpg", "userId":"@me", "items":[], "nao:trustLevel":0.0},{"guid":"c789e43e-01b8-4af2-99b3-17d1150ba154", "type":"person", "lastModified":1352370874814, "name":"Alberta Ana", "imageUrl":"", "userId":"@me", "items":[], "nao:trustLevel":0.0},{"guid":"ad2ae398-b075-45b0-b4d6-92f34dd5b392", "type":"person", "lastModified":1352370949888, "name":"Messner Till", "imageUrl":"/dime-communications/static/ui/dime/img_demo/Personen42.jpg", "userId":"@me", "items":[], "nao:trustLevel":0.0},{"guid":"f00fa4cf-4cec-45e4-88f5-19d10a7397ca", "type":"person", "lastModified":1352370985997, "name":"Zeller Thomas", "imageUrl":"/dime-communications/static/ui/dime/img_demo/Personen17m.jpeg", "userId":"@me", "items":[], "nao:trustLevel":0.0},{"guid":"a29f81b6-ee4d-443d-900d-ccfb2970b47a", "type":"person", "lastModified":1352370935258, "name":"Hamm Karl", "imageUrl":"/dime-communications/static/ui/dime/img_demo/Personen23m.jpg", "userId":"@me", "items":[], "nao:trustLevel":0.0},{"guid":"480637b1-c133-4e2d-bb3f-4df12a66dc68", "type":"person", "lastModified":1352370965610, "name":"Tessmann Jeannine", "imageUrl":"/dime-communications/static/ui/dime/img_demo/Personen30w.jpg", "userId":"@me", "items":[], "nao:trustLevel":0.0},{"guid":"03209d34-c0b4-4270-9092-58df7a6ef00b", "type":"person", "lastModified":1352370888652, "name":"Baumgartner Sarah", "imageUrl":"/dime-communications/static/ui/dime/img_demo/Personen08w.jpeg", "userId":"@me", "items":[], "nao:trustLevel":0.0},{"guid":"5eabffb6-cf9a-4e19-9863-20d9e3df0538", "type":"person", "lastModified":1352370905476, "name":"Frick Tim", "imageUrl":"/dime-communications/static/ui/dime/img_demo/Personen35.jpg", "userId":"@me", "items":[], "nao:trustLevel":0.0},{"guid":"23a43176-4b5c-49c2-a3e0-b0f755c050df", "type":"person", "lastModified":1352370932019, "name":"Hamm Birgit", "imageUrl":"/dime-communications/static/ui/dime/img_demo/Personen18w.jpeg", "userId":"@me", "items":[], "nao:trustLevel":0.0},{"guid":"840dbf5a-0fce-4342-905d-3cbe9c1d16f0", "type":"person", "lastModified":1352370897035, "name":"Chilla Marc", "imageUrl":"/dime-communications/static/ui/dime/img_demo/Personen07.jpeg", "userId":"@me", "items":[], "nao:trustLevel":0.0},{"guid":"fd4d2867-a887-49d7-9691-591b457d9180", "type":"person", "lastModified":1352370946235, "name":"Morgenstern Susanne", "imageUrl":"/dime-communications/static/ui/dime/img_demo/Personen22w.jpg", "userId":"@me", "items":[], "nao:trustLevel":0.0},{"guid":"84347c65-9843-49cb-9818-8d965f6f5e92", "type":"person", "lastModified":1352370916284, "name":"Gutjahr Katrin", "imageUrl":"/dime-communications/static/ui/dime/img_demo/Personen20w.jpeg", "userId":"@me", "items":[], "nao:trustLevel":0.0},{"guid":"34cb2974-d1a7-4485-bf2a-150960e4b6e9", "type":"person", "lastModified":1352370909014, "name":"Flemming Tatjana", "imageUrl":"/dime-communications/static/ui/dime/img_demo/Personen26w.jpg", "userId":"@me", "items":[], "nao:trustLevel":0.0},{"guid":"e41eb312-cbfa-452e-aa21-250d12962f43", "type":"person", "lastModified":1352370981349, "name":"Zander Helmut", "imageUrl":"/dime-communications/static/ui/dime/img_demo/Personen33m.jpg", "userId":"@me", "items":[], "nao:trustLevel":0.0},{"guid":"5d095fe7-732d-456a-9a77-7d00a08b3a5c", "type":"person", "lastModified":1352370902154, "name":"Dahlmann Irene", "imageUrl":"/dime-communications/static/ui/dime/img_demo/Personen12w.jpeg", "userId":"@me", "items":[], "nao:trustLevel":0.0},{"guid":"247cba49-b6a0-45fb-8100-a59b5785aae4", "type":"person", "lastModified":1352370907265, "name":"Fiebig Barbara", "imageUrl":"/dime-communications/static/ui/dime/img_demo/Personen31w.jpg", "userId":"@me", "items":[], "nao:trustLevel":0.0},{"guid":"fe6e0429-5964-4740-8abd-59fafde1231c", "type":"person", "lastModified":1352370898709, "name":"Cordes Adabi", "imageUrl":"/dime-communications/static/ui/dime/img_demo/Personen13.jpeg", "userId":"@me", "items":[], "nao:trustLevel":0.0},{"guid":"875803d6-50ba-4bee-9a08-0c8910e9a7b8", "type":"person", "lastModified":1352370876944, "name":"Amman Carmen", "imageUrl":"/dime-communications/static/ui/dime/img_demo/Personen16w.jpeg", "userId":"@me", "items":[], "nao:trustLevel":0.0},{"guid":"232d10c7-6609-41bf-b012-a4917c16248a", "type":"person", "lastModified":1352370938863, "name":"Hamm Tobias", "imageUrl":"/dime-communications/static/ui/dime/img_demo/Personen25m.jpg", "userId":"@me", "items":[], "nao:trustLevel":0.0},{"guid":"a9d94f83-670c-464b-bc8e-f87026407d7a", "type":"person", "lastModified":1352370977446, "name":"Ziegler Birgit", "imageUrl":"/dime-communications/static/ui/dime/img_demo/Personen15w.jpeg", "userId":"@me", "items":[], "nao:trustLevel":0.0},{"guid":"4c2c9f91-773f-4e6b-8dff-78385e3eafbc", "type":"person", "lastModified":1352370969322, "name":"Zimmermann Carsten", "imageUrl":"/dime-communications/static/ui/dime/img_demo/Personen29.jpg", "userId":"@me", "items":[], "nao:trustLevel":0.0},{"guid":"5385a431-955a-4194-93a3-43ff11130daf", "type":"person", "lastModified":1352370903813, "name":"Dorner Pabel", "imageUrl":"/dime-communications/static/ui/dime/img_demo/Personen24m.jpg", "userId":"@me", "items":[], "nao:trustLevel":0.0},{"guid":"c230b7cc-669d-45dd-9691-c1b23ca5104a", "type":"person", "lastModified":1352370961152, "name":"Thielen Fridolin", "imageUrl":"/dime-communications/static/ui/dime/img_demo/Personen28.jpg", "userId":"@me", "items":[], "nao:trustLevel":0.0},{"guid":"c69c3786-6a43-46fb-ba8b-60efe0163779", "type":"person", "lastModified":1352370885371, "name":"Ackermann Petra", "imageUrl":"/dime-communications/static/ui/dime/img_demo/Personen01w.jpeg", "userId":"@me", "items":[], "nao:trustLevel":0.0},{"guid":"cdbcb3c5-d45f-43ec-96d5-e9c74afcc918", "type":"person", "lastModified":1352370922275, "name":"Hock Klaus", "imageUrl":"/dime-communications/static/ui/dime/img_demo/Personen10m.jpeg", "userId":"@me", "items":[], "nao:trustLevel":0.0},{"guid":"c3bb3902-ac9e-4143-a401-84d9ce23bff1", "type":"person", "lastModified":1352370875878, "name":"Tailor Thomas", "imageUrl":"", "userId":"@me", "items":[], "nao:trustLevel":0.0}]}