{"profile":[{"guid":"77aa8ff9-bb9f-406a-9eec-4ae5b74a1e4b", "type":"profile", "lastModified":1352371058175, "name":"xing", "imageUrl":"/dime-communications/static/ui/dime/img_demo/", "userId":"@me", "items":[], "said":"", "editable":true, "nao:includes":[], "nao:excludes":[]},{"guid":"0fbcb110-9422-445c-be6e-0a316dd27263", "type":"profile", "lastModified":1352371064523, "name":"family", "imageUrl":"/dime-communications/static/ui/dime/img_demo/", "userId":"@me", "items":[], "said":"", "editable":true, "nao:includes":[], "nao:excludes":[]},{"guid":"76a61b59-99f6-4e50-b4bc-eea53891a6d5", "type":"profile", "lastModified":1352371062024, "name":"Twitter", "imageUrl":"/dime-communications/static/ui/dime/img_demo/", "userId":"@me", "items":["00fde4c6-6330-4d45-ad78-93aa0b01436f","83445dfd-ec4a-481a-b162-26a67859fa34"], "said":"", "editable":true, "nao:includes":[], "nao:excludes":[]},{"guid":"38fc8dea-73e1-4ee5-aae2-87ec1f9a61bb", "type":"profile", "lastModified":1352371064523, "name":"family", "imageUrl":"/dime-communications/static/ui/dime/img_demo/", "userId":"@me", "items":["00fde4c6-6330-4d45-ad78-93aa0b01436f","83445dfd-ec4a-481a-b162-26a67859fa34","36ba059f-7ae0-4b38-9e02-a9ad4e59e5ae","a248b8e0-0f34-4feb-9f14-dd6bd84e8484"], "said":"", "editable":true, "nao:includes":[], "nao:excludes":[]},{"guid":"566fc287-5efd-4b03-8395-586446ba66e3", "type":"profile", "lastModified":1352371062024, "name":"Twitter", "imageUrl":"/dime-communications/static/ui/dime/img_demo/", "userId":"@me", "items":[], "said":"", "editable":true, "nao:includes":[], "nao:excludes":[]},{"guid":"be83b55f-8ae0-4d0e-93d9-27bb28c18074", "type":"profile", "lastModified":1352371058175, "name":"xing", "imageUrl":"/dime-communications/static/ui/dime/img_demo/", "userId":"@me", "items":["00fde4c6-6330-4d45-ad78-93aa0b01436f","91aa2d5b-6517-4c57-80a6-44ef8500d153","83445dfd-ec4a-481a-b162-26a67859fa34","57ee14a0-dd70-4f39-84b9-1a3e3e5cadd1"], "said":"", "editable":true, "nao:includes":[], "nao:excludes":[]},{"guid":"ee91ce97-cce7-42bf-835e-fcdac4f7d5c4", "type":"profile", "lastModified":1352371060048, "name":"Facebook", "imageUrl":"/dime-communications/static/ui/dime/img_demo/", "userId":"@me", "items":[], "said":"", "editable":true, "nao:includes":[], "nao:excludes":[]},{"guid":"4f5f52f2-25f8-48c1-b25f-217e81de5c80", "type":"profile", "lastModified":1352371060048, "name":"Facebook", "imageUrl":"/dime-communications/static/ui/dime/img_demo/", "userId":"@me", "items":["00fde4c6-6330-4d45-ad78-93aa0b01436f","83445dfd-ec4a-481a-b162-26a67859fa34","36ba059f-7ae0-4b38-9e02-a9ad4e59e5ae","3c991678-1dd3-4472-97d5-5f3100265611","c4c1cc9d-14ee-41d4-a9ff-35e20804073a","a248b8e0-0f34-4feb-9f14-dd6bd84e8484"], "said":"", "editable":true, "nao:includes":[], "nao:excludes":[]},{"guid":"6d29500e-d816-4bd4-851a-182d82e88098", "type":"profile", "lastModified":1352370872820, "name":"My Public Profile", "imageUrl":"", "userId":"@me", "items":["06586b1a-4db1-46f2-81ef-bcec60050b21"], "said":"421ee0a4-648c-4a32-81cd-2705656360be", "editable":true, "nao:includes":[], "nao:excludes":[]}]}