{"situation":[{"guid":"cfe0977a-3828-4cff-9917-8448efe89c16", "type":"situation", "lastModified":1352371068694, "name":"@home", "imageUrl":"", "userId":"@me", "items":[], "nao:creator":"", "active":false, "confidence":-1.0, "placeReference":"", "eventReference":"", "nao:includes":[], "nao:excludes":[]},{"guid":"a137b2cd-c6e1-4e4c-a34b-12ba0691ad5c", "type":"situation", "lastModified":1352371069369, "name":"Holiday", "imageUrl":"", "userId":"@me", "items":[], "nao:creator":"", "active":false, "confidence":-1.0, "placeReference":"", "eventReference":"", "nao:includes":[], "nao:excludes":[]},{"guid":"909d5750-ade3-4a1f-a5d1-b33589434b95", "type":"situation", "lastModified":1352371066253, "name":"@work", "imageUrl":"", "userId":"@me", "items":[], "nao:creator":"", "active":false, "confidence":-1.0, "placeReference":"", "eventReference":"", "nao:includes":[], "nao:excludes":[]},{"guid":"c3257cc6-843a-470d-a187-6274201faddb", "type":"situation", "lastModified":1352371068007, "name":"Congress", "imageUrl":"", "userId":"@me", "items":[], "nao:creator":"", "active":false, "confidence":-1.0, "placeReference":"", "eventReference":"", "nao:includes":[], "nao:excludes":[]},{"guid":"bd013db3-48fa-419e-9445-4ffd7bbf96fc", "type":"situation", "lastModified":1352371070058, "name":"Meeting", "imageUrl":"", "userId":"@me", "items":[], "nao:creator":"", "active":false, "confidence":-1.0, "placeReference":"", "eventReference":"", "nao:includes":[], "nao:excludes":[]}]}