{"livepost":[{"guid":"86040d68-ec04-4bd8-8473-ad433f51c845", "type":"livepost", "lastModified":1352371051683, "name":"Hallo Klau ..", "imageUrl":"", "userId":"@me", "items":[], "text":"Hallo Klaus, bitte ruf mich mal zurück, wenn Du Zeit hast -es gibt News! Schöne Grüße, Matthias", "dlpo:timestamp":1352371051683, "nao:creator":"", "nao:includes":[], "nao:excludes":[]},{"guid":"dcc96e7c-e148-457b-b882-9f888d21f19d", "type":"livepost", "lastModified":1352371049655, "name":"Hello Ms.  ..", "imageUrl":"", "userId":"@me", "items":[], "text":"Hello Ms. Amman, here is my mobile number +49 (0) 15 77/44 88 86 54 Feel free to call me at any time! Best regards, Matthias Hamm", "dlpo:timestamp":1352371049655, "nao:creator":"", "nao:includes":[], "nao:excludes":[]}]}