{"place":[{"guid":"00e7586f-e999-4884-ac2b-cfb8aca35648", "type":"place", "lastModified":1352371070743, "name":"Kantine Piccante", "imageUrl":"/dime-communications/static/ui/dime/img_demo/Kantine.jpg", "userId":"@me", "items":[], "position":"", "distance":-1.0, "address":{"formatted":"", "streetAddress":"", "region":"", "postalCode":"", "country":""}, "tags":[], "phone":"", "url":"", "information":"", "YMRating":-1.0, "socialRecRating":-1.0, "userRating":-1.0, "favorite":false},{"guid":"ca1e2220-f11b-4ad4-94fd-82cb49ad0ca5", "type":"place", "lastModified":1352371071418, "name":"Flughafen Stuttgart", "imageUrl":"/dime-communications/static/ui/dime/img_demo/Flugzeug.jpg", "userId":"@me", "items":[], "position":"", "distance":-1.0, "address":{"formatted":"", "streetAddress":"", "region":"", "postalCode":"", "country":""}, "tags":[], "phone":"", "url":"", "information":"", "YMRating":-1.0, "socialRecRating":-1.0, "userRating":-1.0, "favorite":false},{"guid":"32be1b7a-7aa6-4aeb-b67b-63589fe0ac76", "type":"place", "lastModified":1352371072905, "name":"Fernseturm Stuttgart", "imageUrl":"/dime-communications/static/ui/dime/img_demo/Fernsehturm.jpg", "userId":"@me", "items":[], "position":"", "distance":-1.0, "address":{"formatted":"", "streetAddress":"", "region":"", "postalCode":"", "country":""}, "tags":[], "phone":"", "url":"", "information":"", "YMRating":-1.0, "socialRecRating":-1.0, "userRating":-1.0, "favorite":false},{"guid":"58eee0d2-72ff-4928-832b-8c2dc4a1cc03", "type":"place", "lastModified":1352371072126, "name":"Messe Stuttgart", "imageUrl":"/dime-communications/static/ui/dime/img_demo/Messe.jpg", "userId":"@me", "items":[], "position":"", "distance":-1.0, "address":{"formatted":"", "streetAddress":"", "region":"", "postalCode":"", "country":""}, "tags":[], "phone":"", "url":"", "information":"", "YMRating":-1.0, "socialRecRating":-1.0, "userRating":-1.0, "favorite":false},{"guid":"9c01015e-8500-4c52-b987-b8be0102bedc", "type":"place", "lastModified":1352371073651, "name":"Ristorante Pizzeria Bologna", "imageUrl":"/dime-communications/static/ui/dime/img_demo/Pizzeria Bologna.jpg", "userId":"@me", "items":[], "position":"", "distance":-1.0, "address":{"formatted":"", "streetAddress":"", "region":"", "postalCode":"", "country":""}, "tags":[], "phone":"", "url":"", "information":"", "YMRating":-1.0, "socialRecRating":-1.0, "userRating":-1.0, "favorite":false}]}