{"databox":[{"guid":"e49c24ee-7567-4e6d-9454-68c03447457f", "type":"databox", "lastModified":1352371045847, "name":"ideas", "imageUrl":"/dime-communications/static/ui/dime/img_demo/06_Databox.png", "userId":"@me", "items":["c496a5bd-3664-48fb-8357-e8be5ec61b14","966f0b19-0cb0-4fc5-b4ab-50d665a16acd"], "nao:privacyLevel":0.9, "nao:includes":[], "nao:excludes":[]},{"guid":"bbc706ac-4428-4a12-872b-34467ffc762b", "type":"databox", "lastModified":1352371046961, "name":"Foto \u2013 team excursion", "imageUrl":"/dime-communications/static/ui/dime/img_demo/06_Databox.png", "userId":"@me", "items":["f6cde490-fdea-4afa-832d-9a91905654cd","153af50b-def8-49ac-b62f-c95dbabc11bb","9cb9b0b2-2b1f-40db-bf0e-b7db13d46cfd"], "nao:privacyLevel":0.9, "nao:includes":[], "nao:excludes":[]},{"guid":"911a8ee3-1826-4a29-9117-3a66389dc5ee", "type":"databox", "lastModified":1352371046961, "name":"Foto \u2013 team excursion", "imageUrl":"/dime-communications/static/ui/dime/img_demo/06_Databox.png", "userId":"@me", "items":[], "nao:privacyLevel":0.9, "nao:includes":[], "nao:excludes":[]},{"guid":"2cd67a8e-46d3-40d2-8a21-7928715da71f", "type":"databox", "lastModified":1352371045847, "name":"ideas", "imageUrl":"/dime-communications/static/ui/dime/img_demo/06_Databox.png", "userId":"@me", "items":[], "nao:privacyLevel":0.9, "nao:includes":[], "nao:excludes":[]},{"guid":"89931b0e-6e3e-4b06-953e-b969cb5e0015", "type":"databox", "lastModified":1352371044575, "name":"project coordination", "imageUrl":"/dime-communications/static/ui/dime/img_demo/06_Databox.png", "userId":"@me", "items":["c496a5bd-3664-48fb-8357-e8be5ec61b14","966f0b19-0cb0-4fc5-b4ab-50d665a16acd"], "nao:privacyLevel":0.9, "nao:includes":[], "nao:excludes":[]},{"guid":"3cb15077-6df1-44ec-8568-ff7107cb3276", "type":"databox", "lastModified":1352371044575, "name":"project coordination", "imageUrl":"/dime-communications/static/ui/dime/img_demo/06_Databox.png", "userId":"@me", "items":[], "nao:privacyLevel":0.9, "nao:includes":[], "nao:excludes":[]}]}