{"resource":[{"guid":"f6cde490-fdea-4afa-832d-9a91905654cd", "type":"resource", "lastModified":1352371042642, "name":"ClimbingPark.jpg", "imageUrl":"/dime-communications/static/ui/dime/img_demo/Hochseilgarten.jpg", "userId":"@me", "items":[], "nao:privacyLevel":0.9, "downloadUrl":"", "nie:mimeType":"", "originId":"", "originalPath":"", "nfo:fileSize":-1, "nfo:lineCount":-1, "nfo:wordCount":-1, "nfo:pageNumber":-1, "nfo:fileOwner":"", "nao:includes":[], "nao:excludes":[]},{"guid":"c496a5bd-3664-48fb-8357-e8be5ec61b14", "type":"resource", "lastModified":1352371039972, "name":"project_order.pdf", "imageUrl":"/dime-communications/static/ui/dime/img_demo/03_PDF.png", "userId":"@me", "items":[], "nao:privacyLevel":0.9, "downloadUrl":"", "nie:mimeType":"", "originId":"", "originalPath":"", "nfo:fileSize":-1, "nfo:lineCount":-1, "nfo:wordCount":-1, "nfo:pageNumber":-1, "nfo:fileOwner":"", "nao:includes":[], "nao:excludes":[]},{"guid":"9cb9b0b2-2b1f-40db-bf0e-b7db13d46cfd", "type":"resource", "lastModified":1352371043933, "name":"receptionists.jpg", "imageUrl":"/dime-communications/static/ui/dime/img_demo/Empfangsdamen.jpg", "userId":"@me", "items":[], "nao:privacyLevel":0.9, "downloadUrl":"", "nie:mimeType":"", "originId":"", "originalPath":"", "nfo:fileSize":-1, "nfo:lineCount":-1, "nfo:wordCount":-1, "nfo:pageNumber":-1, "nfo:fileOwner":"", "nao:includes":[], "nao:excludes":[]},{"guid":"153af50b-def8-49ac-b62f-c95dbabc11bb", "type":"resource", "lastModified":1352371043282, "name":"Dinner-Hotel-Ochsen.jpg", "imageUrl":"/dime-communications/static/ui/dime/img_demo/HotelOchsen.jpg", "userId":"@me", "items":[], "nao:privacyLevel":0.9, "downloadUrl":"", "nie:mimeType":"", "originId":"", "originalPath":"", "nfo:fileSize":-1, "nfo:lineCount":-1, "nfo:wordCount":-1, "nfo:pageNumber":-1, "nfo:fileOwner":"", "nao:includes":[], "nao:excludes":[]},{"guid":"966f0b19-0cb0-4fc5-b4ab-50d665a16acd", "type":"resource", "lastModified":1352371041375, "name":"requirements analysis_project04456.doc", "imageUrl":"/dime-communications/static/ui/dime/img_demo/01_Doc.png", "userId":"@me", "items":[], "nao:privacyLevel":0.9, "downloadUrl":"", "nie:mimeType":"", "originId":"", "originalPath":"", "nfo:fileSize":-1, "nfo:lineCount":-1, "nfo:wordCount":-1, "nfo:pageNumber":-1, "nfo:fileOwner":"", "nao:includes":[], "nao:excludes":[]},{"guid":"0f93dc48-8880-432d-92b1-94f7bab25254", "type":"resource", "lastModified":1352371042006, "name":"Screenshot_UI_Prototyp.png", "imageUrl":"/dime-communications/static/ui/dime/img_demo/04_IMG.png", "userId":"@me", "items":[], "nao:privacyLevel":0.9, "downloadUrl":"", "nie:mimeType":"", "originId":"", "originalPath":"", "nfo:fileSize":-1, "nfo:lineCount":-1, "nfo:wordCount":-1, "nfo:pageNumber":-1, "nfo:fileOwner":"", "nao:includes":[], "nao:excludes":[]}]}