{"situation":[{"guid":"b6441935-ae7c-42bf-8199-f2817f16a6d4", "type":"situation", "lastModified":1352371068007, "name":"Congress", "imageUrl":"", "userId":"@me", "items":[], "nao:creator":"", "active":false, "confidence":-1.0, "placeReference":"", "eventReference":"", "nao:includes":[], "nao:excludes":[]},{"guid":"876ca1da-43db-4fb1-bcda-03bc6ad9ed30", "type":"situation", "lastModified":1352371070058, "name":"Meeting", "imageUrl":"", "userId":"@me", "items":[], "nao:creator":"", "active":false, "confidence":-1.0, "placeReference":"", "eventReference":"", "nao:includes":[], "nao:excludes":[]},{"guid":"bcb3010f-bab7-452e-9811-fb6900dec2a3", "type":"situation", "lastModified":1352371066253, "name":"@work", "imageUrl":"", "userId":"@me", "items":[], "nao:creator":"", "active":false, "confidence":-1.0, "placeReference":"", "eventReference":"", "nao:includes":[], "nao:excludes":[]},{"guid":"aa465a7a-bbff-43f3-a142-bbb3bb888a37", "type":"situation", "lastModified":1352371068694, "name":"@home", "imageUrl":"", "userId":"@me", "items":[], "nao:creator":"", "active":false, "confidence":-1.0, "placeReference":"", "eventReference":"", "nao:includes":[], "nao:excludes":[]},{"guid":"790b7252-b138-4a31-88e2-12e1458605ce", "type":"situation", "lastModified":1352371069369, "name":"Holiday", "imageUrl":"", "userId":"@me", "items":[], "nao:creator":"", "active":false, "confidence":-1.0, "placeReference":"", "eventReference":"", "nao:includes":[], "nao:excludes":[]}]}