{"resource":[{"guid":"874a875a-e9c8-4d08-a629-091c5908f822", "type":"resource", "lastModified":1352371043933, "name":"receptionists.jpg", "imageUrl":"/dime-communications/static/ui/dime/img_demo/Empfangsdamen.jpg", "userId":"@me", "items":[], "nao:privacyLevel":0.9, "downloadUrl":"", "nie:mimeType":"", "originId":"", "originalPath":"", "nfo:fileSize":-1, "nfo:lineCount":-1, "nfo:wordCount":-1, "nfo:pageNumber":-1, "nfo:fileOwner":"", "nao:includes":[], "nao:excludes":[]},{"guid":"c7bc0d0f-4e33-4d00-ae41-2b0da1d07365", "type":"resource", "lastModified":1352371043282, "name":"Dinner-Hotel-Ochsen.jpg", "imageUrl":"/dime-communications/static/ui/dime/img_demo/HotelOchsen.jpg", "userId":"@me", "items":[], "nao:privacyLevel":0.9, "downloadUrl":"", "nie:mimeType":"", "originId":"", "originalPath":"", "nfo:fileSize":-1, "nfo:lineCount":-1, "nfo:wordCount":-1, "nfo:pageNumber":-1, "nfo:fileOwner":"", "nao:includes":[], "nao:excludes":[]},{"guid":"94cfa1d6-a817-4521-9a43-a024d6094273", "type":"resource", "lastModified":1352371042006, "name":"Screenshot_UI_Prototyp.png", "imageUrl":"/dime-communications/static/ui/dime/img_demo/04_IMG.png", "userId":"@me", "items":[], "nao:privacyLevel":0.9, "downloadUrl":"", "nie:mimeType":"", "originId":"", "originalPath":"", "nfo:fileSize":-1, "nfo:lineCount":-1, "nfo:wordCount":-1, "nfo:pageNumber":-1, "nfo:fileOwner":"", "nao:includes":[], "nao:excludes":[]},{"guid":"079b8b3f-c67e-4099-92f4-1f161309f04d", "type":"resource", "lastModified":1352371041375, "name":"requirements analysis_project04456.doc", "imageUrl":"/dime-communications/static/ui/dime/img_demo/01_Doc.png", "userId":"@me", "items":[], "nao:privacyLevel":0.9, "downloadUrl":"", "nie:mimeType":"", "originId":"", "originalPath":"", "nfo:fileSize":-1, "nfo:lineCount":-1, "nfo:wordCount":-1, "nfo:pageNumber":-1, "nfo:fileOwner":"", "nao:includes":[], "nao:excludes":[]},{"guid":"ec28353b-309e-4a63-aebb-eb4afb99b401", "type":"resource", "lastModified":1352371042642, "name":"ClimbingPark.jpg", "imageUrl":"/dime-communications/static/ui/dime/img_demo/Hochseilgarten.jpg", "userId":"@me", "items":[], "nao:privacyLevel":0.9, "downloadUrl":"", "nie:mimeType":"", "originId":"", "originalPath":"", "nfo:fileSize":-1, "nfo:lineCount":-1, "nfo:wordCount":-1, "nfo:pageNumber":-1, "nfo:fileOwner":"", "nao:includes":[], "nao:excludes":[]},{"guid":"1482aa2a-d6d5-40ac-ac03-d7fd17e1d38d", "type":"resource", "lastModified":1352371039972, "name":"project_order.pdf", "imageUrl":"/dime-communications/static/ui/dime/img_demo/03_PDF.png", "userId":"@me", "items":[], "nao:privacyLevel":0.9, "downloadUrl":"", "nie:mimeType":"", "originId":"", "originalPath":"", "nfo:fileSize":-1, "nfo:lineCount":-1, "nfo:wordCount":-1, "nfo:pageNumber":-1, "nfo:fileOwner":"", "nao:includes":[], "nao:excludes":[]}]}