{"databox":[{"guid":"e49c24ee-7567-4e6d-9454-68c03447457f", "type":"databox", "lastModified":1352371045847, "name":"ideas", "imageUrl":"/dime-communications/static/ui/dime/img_demo/06_Databox.png", "userId":"@me", "items":["1482aa2a-d6d5-40ac-ac03-d7fd17e1d38d","079b8b3f-c67e-4099-92f4-1f161309f04d"], "nao:privacyLevel":0.9, "nao:includes":[], "nao:excludes":[]},{"guid":"ddf8b0a8-c0bc-452f-a5a1-f7d1944b382a", "type":"databox", "lastModified":1352371044575, "name":"project coordination", "imageUrl":"/dime-communications/static/ui/dime/img_demo/06_Databox.png", "userId":"@me", "items":[], "nao:privacyLevel":0.9, "nao:includes":[], "nao:excludes":[]},{"guid":"bbc706ac-4428-4a12-872b-34467ffc762b", "type":"databox", "lastModified":1352371046961, "name":"Foto \u2013 team excursion", "imageUrl":"/dime-communications/static/ui/dime/img_demo/06_Databox.png", "userId":"@me", "items":["ec28353b-309e-4a63-aebb-eb4afb99b401","c7bc0d0f-4e33-4d00-ae41-2b0da1d07365","874a875a-e9c8-4d08-a629-091c5908f822"], "nao:privacyLevel":0.9, "nao:includes":[], "nao:excludes":[]},{"guid":"89931b0e-6e3e-4b06-953e-b969cb5e0015", "type":"databox", "lastModified":1352371044575, "name":"project coordination", "imageUrl":"/dime-communications/static/ui/dime/img_demo/06_Databox.png", "userId":"@me", "items":["1482aa2a-d6d5-40ac-ac03-d7fd17e1d38d","079b8b3f-c67e-4099-92f4-1f161309f04d"], "nao:privacyLevel":0.9, "nao:includes":[], "nao:excludes":[]},{"guid":"b9d7ae7c-469b-426e-877e-9961e9c3ad7a", "type":"databox", "lastModified":1352371046961, "name":"Foto \u2013 team excursion", "imageUrl":"/dime-communications/static/ui/dime/img_demo/06_Databox.png", "userId":"@me", "items":[], "nao:privacyLevel":0.9, "nao:includes":[], "nao:excludes":[]},{"guid":"7293d626-1f42-44de-bfe5-6938ff87e335", "type":"databox", "lastModified":1352371045847, "name":"ideas", "imageUrl":"/dime-communications/static/ui/dime/img_demo/06_Databox.png", "userId":"@me", "items":[], "nao:privacyLevel":0.9, "nao:includes":[], "nao:excludes":[]}]}