{"person":[{"guid":"8a8a8f96-5222-4cfc-9951-a104f9e69910", "type":"person", "lastModified":1352370898709, "name":"Cordes Adabi", "imageUrl":"/dime-communications/static/ui/dime/img_demo/Personen13.jpeg", "userId":"@me", "items":[], "nao:trustLevel":0.0},{"guid":"5088a64d-b918-4384-815e-6a16ddaeb9a5", "type":"person", "lastModified":1352370910968, "name":"Gröpke Peter", "imageUrl":"/dime-communications/static/ui/dime/img_demo/Personen11m.jpeg", "userId":"@me", "items":[], "nao:trustLevel":0.0},{"guid":"8ddf2af7-ae93-449a-93cf-696dcb144a06", "type":"person", "lastModified":1352370981349, "name":"Zander Helmut", "imageUrl":"/dime-communications/static/ui/dime/img_demo/Personen33m.jpg", "userId":"@me", "items":[], "nao:trustLevel":0.0},{"guid":"28e7b390-afdf-48fc-861a-d10ac3ee6088", "type":"person", "lastModified":1352370973324, "name":"Zimmer Florian", "imageUrl":"/dime-communications/static/ui/dime/img_demo/Personen37.jpg", "userId":"@me", "items":[], "nao:trustLevel":0.0},{"guid":"bb497445-743e-4a52-b2cd-a80cf8589aa4", "type":"person", "lastModified":1352370878682, "name":"Adelberg Klaus", "imageUrl":"/dime-communications/static/ui/dime/img_demo/Personen02.jpeg", "userId":"@me", "items":[], "nao:trustLevel":0.0},{"guid":"dded5f93-3698-4d14-bc43-6f29d15fd0db", "type":"person", "lastModified":1352370876944, "name":"Amman Carmen", "imageUrl":"/dime-communications/static/ui/dime/img_demo/Personen16w.jpeg", "userId":"@me", "items":[], "nao:trustLevel":0.0},{"guid":"629a8885-118c-4fb3-a467-05be3c247d1e", "type":"person", "lastModified":1352370895396, "name":"Bernhardt Tanja", "imageUrl":"/dime-communications/static/ui/dime/img_demo/Personen06.jpeg", "userId":"@me", "items":[], "nao:trustLevel":0.0},{"guid":"194a032f-9671-46f0-89da-9c49ad89111e", "type":"person", "lastModified":1352370900441, "name":"Cramer Melanie", "imageUrl":"/dime-communications/static/ui/dime/img_demo/Personen14w.jpeg", "userId":"@me", "items":[], "nao:trustLevel":0.0},{"guid":"d9226360-2c0e-4f2a-8fdb-8a021ed003f4", "type":"person", "lastModified":1352370883682, "name":"Adelsberger Helmut", "imageUrl":"/dime-communications/static/ui/dime/img_demo/Personen38.jpg", "userId":"@me", "items":[], "nao:trustLevel":0.0},{"guid":"8db12c09-2906-42af-8335-938d1f7ff575", "type":"person", "lastModified":1352370946235, "name":"Morgenstern Susanne", "imageUrl":"/dime-communications/static/ui/dime/img_demo/Personen22w.jpg", "userId":"@me", "items":[], "nao:trustLevel":0.0},{"guid":"c3d82cd1-9a67-4fb3-bf37-2a839390cf9c", "type":"person", "lastModified":1352370881994, "name":"Aldinger Inge", "imageUrl":"/dime-communications/static/ui/dime/img_demo/Personen04.jpeg", "userId":"@me", "items":[], "nao:trustLevel":0.0},{"guid":"91619f05-aad5-4fe5-8a71-5cb406c9d27d", "type":"person", "lastModified":1352370905476, "name":"Frick Tim", "imageUrl":"/dime-communications/static/ui/dime/img_demo/Personen35.jpg", "userId":"@me", "items":[], "nao:trustLevel":0.0},{"guid":"602e8075-a360-440f-8cd0-d6d58ef1705c", "type":"person", "lastModified":1352370907265, "name":"Fiebig Barbara", "imageUrl":"/dime-communications/static/ui/dime/img_demo/Personen31w.jpg", "userId":"@me", "items":[], "nao:trustLevel":0.0},{"guid":"b6f5bd07-cee0-41ee-a032-3931839a4a32", "type":"person", "lastModified":1352370925300, "name":"Heyer Martin", "imageUrl":"/dime-communications/static/ui/dime/img_demo/Personen34.jpg", "userId":"@me", "items":[], "nao:trustLevel":0.0},{"guid":"a802bf09-abf2-4b45-89cb-95053f6fa698", "type":"person", "lastModified":1352370977446, "name":"Ziegler Birgit", "imageUrl":"/dime-communications/static/ui/dime/img_demo/Personen15w.jpeg", "userId":"@me", "items":[], "nao:trustLevel":0.0},{"guid":"7bbeb42c-2167-4e54-87bc-5a6fad381081", "type":"person", "lastModified":1352370938863, "name":"Hamm Tobias", "imageUrl":"/dime-communications/static/ui/dime/img_demo/Personen25m.jpg", "userId":"@me", "items":[], "nao:trustLevel":0.0},{"guid":"ecec9436-09b1-4efe-af7e-fabffb25379c", "type":"person", "lastModified":1352370891991, "name":"Busse Constantin", "imageUrl":"/dime-communications/static/ui/dime/img_demo/Personen27.jpg", "userId":"@me", "items":[], "nao:trustLevel":0.0},{"guid":"6c5a69e0-a62a-4f52-84ba-c493d74caf01", "type":"person", "lastModified":1352370961152, "name":"Thielen Fridolin", "imageUrl":"/dime-communications/static/ui/dime/img_demo/Personen28.jpg", "userId":"@me", "items":[], "nao:trustLevel":0.0},{"guid":"633aa428-2765-4dbe-9ff1-5185f8379c38", "type":"person", "lastModified":1352370912799, "name":"Gensch Carla", "imageUrl":"/dime-communications/static/ui/dime/img_demo/Personen21w.jpeg", "userId":"@me", "items":[], "nao:trustLevel":0.0},{"guid":"112befb5-da10-41f6-9725-f974d9b30504", "type":"person", "lastModified":1352370949888, "name":"Messner Till", "imageUrl":"/dime-communications/static/ui/dime/img_demo/Personen42.jpg", "userId":"@me", "items":[], "nao:trustLevel":0.0},{"guid":"1b1c19fb-e98e-4afb-a535-bfb2b52094ec", "type":"person", "lastModified":1352370969322, "name":"Zimmermann Carsten", "imageUrl":"/dime-communications/static/ui/dime/img_demo/Personen29.jpg", "userId":"@me", "items":[], "nao:trustLevel":0.0},{"guid":"a5e26756-9c7b-4511-ac1b-3081c0aa6c26", "type":"person", "lastModified":1352370928321, "name":"Hampel Simon", "imageUrl":"/dime-communications/static/ui/dime/img_demo/Personen32m.jpg", "userId":"@me", "items":[], "nao:trustLevel":0.0},{"guid":"abf7533a-034a-46d7-bbdd-103ce679b828", "type":"person", "lastModified":1352370890269, "name":"Bartels Henning", "imageUrl":"/dime-communications/static/ui/dime/img_demo/Personen19m.jpeg", "userId":"@me", "items":[], "nao:trustLevel":0.0},{"guid":"5b14ddcc-cee1-4a74-a704-efc97e5f25fd", "type":"person", "lastModified":1352370902154, "name":"Dahlmann Irene", "imageUrl":"/dime-communications/static/ui/dime/img_demo/Personen12w.jpeg", "userId":"@me", "items":[], "nao:trustLevel":0.0},{"guid":"4bf2091a-dd25-4c15-b1be-e8347ad0ebcf", "type":"person", "lastModified":1352370909014, "name":"Flemming Tatjana", "imageUrl":"/dime-communications/static/ui/dime/img_demo/Personen26w.jpg", "userId":"@me", "items":[], "nao:trustLevel":0.0},{"guid":"960f7fae-6212-4150-869f-d9e857c623b2", "type":"person", "lastModified":1352370935258, "name":"Hamm Karl", "imageUrl":"/dime-communications/static/ui/dime/img_demo/Personen23m.jpg", "userId":"@me", "items":[], "nao:trustLevel":0.0},{"guid":"17688687-98c3-4d1d-8098-047efc7019fa", "type":"person", "lastModified":1352370887028, "name":"Baumann Markus", "imageUrl":"/dime-communications/static/ui/dime/img_demo/Personen09m.jpeg", "userId":"@me", "items":[], "nao:trustLevel":0.0},{"guid":"24b5bfda-1876-4445-9dc1-15f156b29192", "type":"person", "lastModified":1352370965610, "name":"Tessmann Jeannine", "imageUrl":"/dime-communications/static/ui/dime/img_demo/Personen30w.jpg", "userId":"@me", "items":[], "nao:trustLevel":0.0},{"guid":"76615663-9391-4d8c-982c-330cda6f457f", "type":"person", "lastModified":1352370953153, "name":"Manz Adrian", "imageUrl":"/dime-communications/static/ui/dime/img_demo/Personen41.jpg", "userId":"@me", "items":[], "nao:trustLevel":0.0},{"guid":"908101b7-4ce2-4f54-9b6c-40455277924f", "type":"person", "lastModified":1352370897035, "name":"Chilla Marc", "imageUrl":"/dime-communications/static/ui/dime/img_demo/Personen07.jpeg", "userId":"@me", "items":[], "nao:trustLevel":0.0},{"guid":"bd8d0f65-0139-4ccd-9d3c-8c112843a9d5", "type":"person", "lastModified":1352370880373, "name":"Aberle Hans", "imageUrl":"/dime-communications/static/ui/dime/img_demo/Personen03.jpeg", "userId":"@me", "items":[], "nao:trustLevel":0.0},{"guid":"4d1985af-ecae-4040-8910-a36eebacad8c", "type":"person", "lastModified":1352370893694, "name":"Boerner Bärbel", "imageUrl":"/dime-communications/static/ui/dime/img_demo/Personen05w.jpeg", "userId":"@me", "items":[], "nao:trustLevel":0.0},{"guid":"38d8fd64-a4c7-4bb0-b164-23623b8463ef", "type":"person", "lastModified":1352370919415, "name":"Gruening Günter", "imageUrl":"/dime-communications/static/ui/dime/img_demo/Personen40.jpg", "userId":"@me", "items":[], "nao:trustLevel":0.0},{"guid":"f8a0acb4-91ef-4952-a609-e7f2ecb0cbb7", "type":"person", "lastModified":1352370885371, "name":"Ackermann Petra", "imageUrl":"/dime-communications/static/ui/dime/img_demo/Personen01w.jpeg", "userId":"@me", "items":[], "nao:trustLevel":0.0},{"guid":"a6f91ddb-aeda-453f-929e-311c087d4380", "type":"person", "lastModified":1352370903813, "name":"Dorner Pabel", "imageUrl":"/dime-communications/static/ui/dime/img_demo/Personen24m.jpg", "userId":"@me", "items":[], "nao:trustLevel":0.0},{"guid":"506c20e6-caa5-43bd-8afc-913d05232e7c", "type":"person", "lastModified":1352370942474, "name":"Hoff Eckhard", "imageUrl":"/dime-communications/static/ui/dime/img_demo/Personen39.jpg", "userId":"@me", "items":[], "nao:trustLevel":0.0},{"guid":"cb63178d-91bf-4a40-9222-ff065a583a7e", "type":"person", "lastModified":1352370875288, "name":"Alberta Ana", "imageUrl":"", "userId":"@me", "items":[], "nao:trustLevel":0.0},{"guid":"2e049f6e-ffcc-44b4-b0fa-71e41f607273", "type":"person", "lastModified":1352370985997, "name":"Zeller Thomas", "imageUrl":"/dime-communications/static/ui/dime/img_demo/Personen17m.jpeg", "userId":"@me", "items":[], "nao:trustLevel":0.0},{"guid":"766acb02-68f0-4fc2-8b50-a725d748d416", "type":"person", "lastModified":1352370922275, "name":"Hock Klaus", "imageUrl":"/dime-communications/static/ui/dime/img_demo/Personen10m.jpeg", "userId":"@me", "items":[], "nao:trustLevel":0.0},{"guid":"246ff233-a4db-4b7b-b21f-cfe640be0408", "type":"person", "lastModified":1352370957117, "name":"Tanner Alfred", "imageUrl":"/dime-communications/static/ui/dime/img_demo/Personen36.jpg", "userId":"@me", "items":[], "nao:trustLevel":0.0},{"guid":"4d9ac645-7873-49a6-af5f-5c3d719a6be2", "type":"person", "lastModified":1352370916284, "name":"Gutjahr Katrin", "imageUrl":"/dime-communications/static/ui/dime/img_demo/Personen20w.jpeg", "userId":"@me", "items":[], "nao:trustLevel":0.0},{"guid":"792d0383-5e13-401f-9c35-c5d8fb99f825", "type":"person", "lastModified":1352370874354, "name":"Miller Max", "imageUrl":"", "userId":"@me", "items":[], "nao:trustLevel":0.0},{"guid":"24b3f655-1ca0-483d-b392-5d1d7c047f4a", "type":"person", "lastModified":1352370932019, "name":"Hamm Birgit", "imageUrl":"/dime-communications/static/ui/dime/img_demo/Personen18w.jpeg", "userId":"@me", "items":[], "nao:trustLevel":0.0},{"guid":"e68d8c68-b29b-456a-b3c3-097f40799818", "type":"person", "lastModified":1352370888652, "name":"Baumgartner Sarah", "imageUrl":"/dime-communications/static/ui/dime/img_demo/Personen08w.jpeg", "userId":"@me", "items":[], "nao:trustLevel":0.0}]}