{"place":[{"guid":"6b6fe2fc-8846-4ea8-a041-c416e71bc4b2", "type":"place", "lastModified":1352371071418, "name":"Flughafen Stuttgart", "imageUrl":"/dime-communications/static/ui/dime/img_demo/Flugzeug.jpg", "userId":"@me", "items":[], "position":"", "distance":-1.0, "address":{"formatted":"", "streetAddress":"", "region":"", "postalCode":"", "country":""}, "tags":[], "phone":"", "url":"", "information":"", "YMRating":-1.0, "socialRecRating":-1.0, "userRating":-1.0, "favorite":false},{"guid":"5dad14f1-5b67-498d-8138-0921c891c33b", "type":"place", "lastModified":1352371072126, "name":"Messe Stuttgart", "imageUrl":"/dime-communications/static/ui/dime/img_demo/Messe.jpg", "userId":"@me", "items":[], "position":"", "distance":-1.0, "address":{"formatted":"", "streetAddress":"", "region":"", "postalCode":"", "country":""}, "tags":[], "phone":"", "url":"", "information":"", "YMRating":-1.0, "socialRecRating":-1.0, "userRating":-1.0, "favorite":false},{"guid":"f16fdbe3-0135-4451-91cb-d04c22dcd32c", "type":"place", "lastModified":1352371072905, "name":"Fernseturm Stuttgart", "imageUrl":"/dime-communications/static/ui/dime/img_demo/Fernsehturm.jpg", "userId":"@me", "items":[], "position":"", "distance":-1.0, "address":{"formatted":"", "streetAddress":"", "region":"", "postalCode":"", "country":""}, "tags":[], "phone":"", "url":"", "information":"", "YMRating":-1.0, "socialRecRating":-1.0, "userRating":-1.0, "favorite":false},{"guid":"d7e54a47-4df4-48ca-8860-ac032a3fe4ce", "type":"place", "lastModified":1352371073651, "name":"Ristorante Pizzeria Bologna", "imageUrl":"/dime-communications/static/ui/dime/img_demo/Pizzeria Bologna.jpg", "userId":"@me", "items":[], "position":"", "distance":-1.0, "address":{"formatted":"", "streetAddress":"", "region":"", "postalCode":"", "country":""}, "tags":[], "phone":"", "url":"", "information":"", "YMRating":-1.0, "socialRecRating":-1.0, "userRating":-1.0, "favorite":false},{"guid":"2e9bcb23-0f82-47fa-bdb3-92f4c765c5eb", "type":"place", "lastModified":1352371070743, "name":"Kantine Piccante", "imageUrl":"/dime-communications/static/ui/dime/img_demo/Kantine.jpg", "userId":"@me", "items":[], "position":"", "distance":-1.0, "address":{"formatted":"", "streetAddress":"", "region":"", "postalCode":"", "country":""}, "tags":[], "phone":"", "url":"", "information":"", "YMRating":-1.0, "socialRecRating":-1.0, "userRating":-1.0, "favorite":false}]}