{"livepost":[{"guid":"55329157-8780-424c-9e50-91960832c543", "type":"livepost", "lastModified":1352371051683, "name":"Hallo Klau ..", "imageUrl":"", "userId":"@me", "items":[], "text":"Hallo Klaus, bitte ruf mich mal zurück, wenn Du Zeit hast -es gibt News! Schöne Grüße, Matthias", "dlpo:timestamp":1352371051683, "nao:creator":"", "nao:includes":[], "nao:excludes":[]},{"guid":"f8b8cc94-5bb4-49c9-b920-fb94108aaa08", "type":"livepost", "lastModified":1352371049655, "name":"Hello Ms.  ..", "imageUrl":"", "userId":"@me", "items":[], "text":"Hello Ms. Amman, here is my mobile number +49 (0) 15 77/44 88 86 54 Feel free to call me at any time! Best regards, Matthias Hamm", "dlpo:timestamp":1352371049655, "nao:creator":"", "nao:includes":[], "nao:excludes":[]}]}