{"profile":[{"guid":"7b5fe567-edb1-4d8b-b707-17e11bc3dfad", "type":"profile", "lastModified":1352371058175, "name":"xing", "imageUrl":"/dime-communications/static/ui/dime/img_demo/", "userId":"@me", "items":[], "said":"", "editable":true, "nao:includes":[], "nao:excludes":[]},{"guid":"b547626f-06d5-4211-82e8-eb28040c1861", "type":"profile", "lastModified":1352371064523, "name":"family", "imageUrl":"/dime-communications/static/ui/dime/img_demo/", "userId":"@me", "items":[], "said":"", "editable":true, "nao:includes":[], "nao:excludes":[]},{"guid":"76a61b59-99f6-4e50-b4bc-eea53891a6d5", "type":"profile", "lastModified":1352371062024, "name":"Twitter", "imageUrl":"/dime-communications/static/ui/dime/img_demo/", "userId":"@me", "items":["ed0cce8c-b3c8-4fdd-ae4d-681bfa4cfb03","68ee57cb-e788-43de-9c72-4a11da81586a"], "said":"", "editable":true, "nao:includes":[], "nao:excludes":[]},{"guid":"38fc8dea-73e1-4ee5-aae2-87ec1f9a61bb", "type":"profile", "lastModified":1352371064523, "name":"family", "imageUrl":"/dime-communications/static/ui/dime/img_demo/", "userId":"@me", "items":["ed0cce8c-b3c8-4fdd-ae4d-681bfa4cfb03","68ee57cb-e788-43de-9c72-4a11da81586a","8d5ffa64-82d3-41b1-a1ee-e878664e45bc","d32b1df5-8cd5-4aab-9d92-c2f0f6daa360"], "said":"", "editable":true, "nao:includes":[], "nao:excludes":[]},{"guid":"9cd59dd1-b623-4ead-9451-e04846f9bf48", "type":"profile", "lastModified":1352371062024, "name":"Twitter", "imageUrl":"/dime-communications/static/ui/dime/img_demo/", "userId":"@me", "items":[], "said":"", "editable":true, "nao:includes":[], "nao:excludes":[]},{"guid":"adabbd61-a529-4062-85b1-e8fdd3b746df", "type":"profile", "lastModified":1352371060048, "name":"Facebook", "imageUrl":"/dime-communications/static/ui/dime/img_demo/", "userId":"@me", "items":[], "said":"", "editable":true, "nao:includes":[], "nao:excludes":[]},{"guid":"be83b55f-8ae0-4d0e-93d9-27bb28c18074", "type":"profile", "lastModified":1352371058175, "name":"xing", "imageUrl":"/dime-communications/static/ui/dime/img_demo/", "userId":"@me", "items":["ed0cce8c-b3c8-4fdd-ae4d-681bfa4cfb03","f2481b11-eb6c-4c43-9a9e-1ad989e7f5ed","68ee57cb-e788-43de-9c72-4a11da81586a","e26ca16c-aa77-4949-8e36-3f881199c188"], "said":"", "editable":true, "nao:includes":[], "nao:excludes":[]},{"guid":"e8bb83cd-bb3d-4927-95d1-46a2a6382d9e", "type":"profile", "lastModified":1352370873709, "name":"My Public Profile", "imageUrl":"", "userId":"@me", "items":["4990794c-95f0-4ef4-8ded-76575146bdad"], "said":"69acdce1-c21f-43c1-8bfb-9e53af8efb73", "editable":true, "nao:includes":[], "nao:excludes":[]},{"guid":"4f5f52f2-25f8-48c1-b25f-217e81de5c80", "type":"profile", "lastModified":1352371060048, "name":"Facebook", "imageUrl":"/dime-communications/static/ui/dime/img_demo/", "userId":"@me", "items":["ed0cce8c-b3c8-4fdd-ae4d-681bfa4cfb03","68ee57cb-e788-43de-9c72-4a11da81586a","8d5ffa64-82d3-41b1-a1ee-e878664e45bc","d61e6cbd-d0ec-42a0-95cc-647dd7c3ba60","240110fd-6a00-4602-9fd7-58eff0f89682","d32b1df5-8cd5-4aab-9d92-c2f0f6daa360"], "said":"", "editable":true, "nao:includes":[], "nao:excludes":[]}]}