{"group":[{"guid":"fe4a5fff-b0d6-49e6-ad61-4dcb8f942be4", "type":"group", "lastModified":1352371038238, "name":"CeBIT2011", "imageUrl":"/dime-communications/static/ui/dime/img_demo/14_Pin.png", "userId":"@me", "items":[], "nao:trustLevel":0.0, "nao:creator":"user-generated"},{"guid":"cf646fb1-7ce5-4245-ba94-e0715346f18e", "type":"group", "lastModified":1352371036298, "name":"family", "imageUrl":"/dime-communications/static/ui/dime/img_demo/07_Group.png", "userId":"@me", "items":["24b3f655-1ca0-483d-b392-5d1d7c047f4a","960f7fae-6212-4150-869f-d9e857c623b2","7bbeb42c-2167-4e54-87bc-5a6fad381081"], "nao:trustLevel":0.0, "nao:creator":"user-generated"},{"guid":"c8408000-5315-4e40-8a00-181e0a2bc375", "type":"group", "lastModified":1352371029663, "name":"old school buddies", "imageUrl":"/dime-communications/static/ui/dime/img_demo/19_Facebook.png", "userId":"@me", "items":[], "nao:trustLevel":0.0, "nao:creator":"user-generated"},{"guid":"8b431561-13d1-460b-84e1-1b19ed1f3287", "type":"group", "lastModified":1352371017787, "name":"Xing", "imageUrl":"/dime-communications/static/ui/dime/img_demo/24_Xing.png", "userId":"@me", "items":["bd8d0f65-0139-4ccd-9d3c-8c112843a9d5","dded5f93-3698-4d14-bc43-6f29d15fd0db","5088a64d-b918-4384-815e-6a16ddaeb9a5","112befb5-da10-41f6-9725-f974d9b30504","766acb02-68f0-4fc2-8b50-a725d748d416","17688687-98c3-4d1d-8098-047efc7019fa"], "nao:trustLevel":0.0, "nao:creator":"user-generated"},{"guid":"8dcf0a54-18c6-42e5-8fb2-c3a60a0f2731", "type":"group", "lastModified":1352371010550, "name":"di.me project members", "imageUrl":"/dime-communications/static/ui/dime/img_demo/07_Group.png", "userId":"@me", "items":[], "nao:trustLevel":0.0, "nao:creator":"user-generated"},{"guid":"cf6a8fdb-8fe3-4944-8fde-20afb59167bd", "type":"group", "lastModified":1352370995172, "name":"Friends", "imageUrl":"/dime-communications/static/ui/dime/img_demo/07_Group.png", "userId":"@me", "items":["bb497445-743e-4a52-b2cd-a80cf8589aa4","d9226360-2c0e-4f2a-8fdb-8a021ed003f4","8a8a8f96-5222-4cfc-9951-a104f9e69910","194a032f-9671-46f0-89da-9c49ad89111e","5b14ddcc-cee1-4a74-a704-efc97e5f25fd","633aa428-2765-4dbe-9ff1-5185f8379c38","8db12c09-2906-42af-8335-938d1f7ff575"], "nao:trustLevel":0.0, "nao:creator":"user-generated"},{"guid":"3717c64f-74d9-4c50-afda-9a74855b8382", "type":"group", "lastModified":1352371010550, "name":"di.me project members", "imageUrl":"/dime-communications/static/ui/dime/img_demo/07_Group.png", "userId":"@me", "items":["f8a0acb4-91ef-4952-a609-e7f2ecb0cbb7","91619f05-aad5-4fe5-8a71-5cb406c9d27d","602e8075-a360-440f-8cd0-d6d58ef1705c","4bf2091a-dd25-4c15-b1be-e8347ad0ebcf","76615663-9391-4d8c-982c-330cda6f457f","246ff233-a4db-4b7b-b21f-cfe640be0408"], "nao:trustLevel":0.0, "nao:creator":"user-generated"},{"guid":"35455ac3-3026-45a0-8626-1cea0a557a10", "type":"group", "lastModified":1352370990926, "name":"Colleagues", "imageUrl":"/dime-communications/static/ui/dime/img_demo/07_Group.png", "userId":"@me", "items":["bd8d0f65-0139-4ccd-9d3c-8c112843a9d5","c3d82cd1-9a67-4fb3-bf37-2a839390cf9c","e68d8c68-b29b-456a-b3c3-097f40799818","112befb5-da10-41f6-9725-f974d9b30504"], "nao:trustLevel":0.0, "nao:creator":"user-generated"},{"guid":"4d8f7108-6c19-45c3-a464-57e923c1ca49", "type":"group", "lastModified":1352371017787, "name":"Xing", "imageUrl":"/dime-communications/static/ui/dime/img_demo/24_Xing.png", "userId":"@me", "items":[], "nao:trustLevel":0.0, "nao:creator":"user-generated"},{"guid":"6f0ae804-e9c4-4f70-a268-86d1388ea0a7", "type":"group", "lastModified":1352371025803, "name":"Conrad projekt", "imageUrl":"/dime-communications/static/ui/dime/img_demo/14_Pin.png", "userId":"@me", "items":["633aa428-2765-4dbe-9ff1-5185f8379c38","4d9ac645-7873-49a6-af5f-5c3d719a6be2","24b5bfda-1876-4445-9dc1-15f156b29192","1b1c19fb-e98e-4afb-a535-bfb2b52094ec","28e7b390-afdf-48fc-861a-d10ac3ee6088"], "nao:trustLevel":0.0, "nao:creator":"user-generated"},{"guid":"6e65c5b1-94cb-4041-9fe7-1d24b036b0b1", "type":"group", "lastModified":1352371029663, "name":"old school buddies", "imageUrl":"/dime-communications/static/ui/dime/img_demo/19_Facebook.png", "userId":"@me", "items":["4d1985af-ecae-4040-8910-a36eebacad8c","629a8885-118c-4fb3-a467-05be3c247d1e","908101b7-4ce2-4f54-9b6c-40455277924f","6c5a69e0-a62a-4f52-84ba-c493d74caf01","a802bf09-abf2-4b45-89cb-95053f6fa698"], "nao:trustLevel":0.0, "nao:creator":"user-generated"},{"guid":"341945c8-435c-4b95-bdf7-10315946f527", "type":"group", "lastModified":1352370995172, "name":"Friends", "imageUrl":"/dime-communications/static/ui/dime/img_demo/07_Group.png", "userId":"@me", "items":[], "nao:trustLevel":0.0, "nao:creator":"user-generated"},{"guid":"2cd72fa2-6938-40e4-b76e-ae4d3f2d542b", "type":"group", "lastModified":1352371034296, "name":"University", "imageUrl":"/dime-communications/static/ui/dime/img_demo/07_Group.png", "userId":"@me", "items":[], "nao:trustLevel":0.0, "nao:creator":"user-generated"},{"guid":"4f962035-787e-4024-a423-b99c68516671", "type":"group", "lastModified":1352371032231, "name":"Twitter", "imageUrl":"/dime-communications/static/ui/dime/img_demo/23_twitter.png", "userId":"@me", "items":["d9226360-2c0e-4f2a-8fdb-8a021ed003f4","8a8a8f96-5222-4cfc-9951-a104f9e69910","194a032f-9671-46f0-89da-9c49ad89111e","7bbeb42c-2167-4e54-87bc-5a6fad381081"], "nao:trustLevel":0.0, "nao:creator":"user-generated"},{"guid":"c7dfde47-16b2-429a-8649-2a74e1d01aee", "type":"group", "lastModified":1352371036298, "name":"family", "imageUrl":"/dime-communications/static/ui/dime/img_demo/07_Group.png", "userId":"@me", "items":[], "nao:trustLevel":0.0, "nao:creator":"user-generated"},{"guid":"89d5ea7c-5522-441c-8766-cf39f3cc2455", "type":"group", "lastModified":1352371032231, "name":"Twitter", "imageUrl":"/dime-communications/static/ui/dime/img_demo/23_twitter.png", "userId":"@me", "items":[], "nao:trustLevel":0.0, "nao:creator":"user-generated"},{"guid":"2ada87a2-f65f-4cc9-b1f8-165506e043b3", "type":"group", "lastModified":1352371038238, "name":"CeBIT2011", "imageUrl":"/dime-communications/static/ui/dime/img_demo/14_Pin.png", "userId":"@me", "items":["b6f5bd07-cee0-41ee-a032-3931839a4a32","a5e26756-9c7b-4511-ac1b-3081c0aa6c26","506c20e6-caa5-43bd-8afc-913d05232e7c","2e049f6e-ffcc-44b4-b0fa-71e41f607273"], "nao:trustLevel":0.0, "nao:creator":"user-generated"},{"guid":"e91641e2-df8e-4e04-b04a-08039eba3866", "type":"group", "lastModified":1352370990926, "name":"Colleagues", "imageUrl":"/dime-communications/static/ui/dime/img_demo/07_Group.png", "userId":"@me", "items":[], "nao:trustLevel":0.0, "nao:creator":"user-generated"},{"guid":"849664e1-7e52-4918-81a8-61c103c23e96", "type":"group", "lastModified":1352371025803, "name":"Conrad projekt", "imageUrl":"/dime-communications/static/ui/dime/img_demo/14_Pin.png", "userId":"@me", "items":[], "nao:trustLevel":0.0, "nao:creator":"user-generated"},{"guid":"c7939af4-73b6-48b6-b81c-b8c3a2b71862", "type":"group", "lastModified":1352371000235, "name":"Facebook", "imageUrl":"/dime-communications/static/ui/dime/img_demo/19_Facebook.png", "userId":"@me", "items":["bb497445-743e-4a52-b2cd-a80cf8589aa4","d9226360-2c0e-4f2a-8fdb-8a021ed003f4","8a8a8f96-5222-4cfc-9951-a104f9e69910","194a032f-9671-46f0-89da-9c49ad89111e","5b14ddcc-cee1-4a74-a704-efc97e5f25fd","633aa428-2765-4dbe-9ff1-5185f8379c38","8db12c09-2906-42af-8335-938d1f7ff575","7bbeb42c-2167-4e54-87bc-5a6fad381081"], "nao:trustLevel":0.0, "nao:creator":"user-generated"},{"guid":"2bef1463-ec02-47af-8686-cc5727311c99", "type":"group", "lastModified":1352371034296, "name":"University", "imageUrl":"/dime-communications/static/ui/dime/img_demo/07_Group.png", "userId":"@me", "items":["abf7533a-034a-46d7-bbdd-103ce679b828","ecec9436-09b1-4efe-af7e-fabffb25379c","a6f91ddb-aeda-453f-929e-311c087d4380","38d8fd64-a4c7-4bb0-b164-23623b8463ef","8ddf2af7-ae93-449a-93cf-696dcb144a06"], "nao:trustLevel":0.0, "nao:creator":"user-generated"},{"guid":"22f10c4c-7d3c-4de7-b9af-13d7579c30e9", "type":"group", "lastModified":1352371000235, "name":"Facebook", "imageUrl":"/dime-communications/static/ui/dime/img_demo/19_Facebook.png", "userId":"@me", "items":[], "nao:trustLevel":0.0, "nao:creator":"user-generated"}]}